,A,D,E,F,G,H,L,M,N,P,Q,R,S,T,V,W,Y
A,1.1314150772727705,-20.165744499472787,-20.16367021365229,-20.235327668050417,0.5056325765695737,1.2506824778426135,-22.033357553302768,-18.91059410791913,-0.18094199190400084,0.3171707864746121,-0.02600036107134147,0.07363372533904369,0.003959771736841265,-0.8130658336955765,0.372005839509101,-20.448514397164395,0.3873711093786029
D,-20.165744499472787,-0.15487374216561334,-20.090359910712323,-20.162017365101246,-1.526451709636278,-20.588931827644817,1.4646033017873794,-18.837283805312083,1.4638955554606956,1.01551398242719,-22.081337126011658,-22.674850220030443,-0.4123729270627875,1.3173964216643685,-20.990183745152493,-20.37520409419143,-20.97481847528383
E,-20.16367021365229,-20.090359910712323,-2.455528051413007,1.2755568083997844,1.9120060428883876,-20.586857541823065,1.0869648352955184,-18.83520951950165,-20.417500759944925,-21.042944512361476,-22.07926284018807,-22.672775934206616,-22.500923623545074,-21.17661938284212,-20.98810945932996,1.062370079310295,1.1559028785338965
F,-20.235327668050417,-20.162017365101246,1.2755568083997844,1.768665485896867,-21.533595332351396,-20.658514996262948,1.1976289375741003,3.0933990473675226,-20.48915821437018,-21.114601966830385,-22.150920294689385,-1.308933501035365,-22.572581078052522,-21.248276837317313,-21.059766913796036,0.990712624889299,1.9255010378646185
G,0.5056325765695737,-1.526451709636278,1.9120060428883876,-21.533595332351396,2.2188301380125033,-0.6107019323448702,-23.331625218591846,-20.208861768950197,-0.5420824436340361,-22.416596766201422,0.030783139412957485,-1.4049419411206077,-1.0698925091348417,-22.550271636749944,-22.361761713139327,-21.74678206169274,-22.346396443261817
H,1.2506824778426135,-20.588931827644817,-20.586857541823065,-20.658514996262948,-0.6107019323448702,-20.3922822791811,-22.456544881984268,-19.333781434579706,-20.916072677083697,-0.10601654206754428,-0.44918768976347434,0.8211431937549324,-0.2714862770401914,-21.67519130026442,0.6965103371961533,0.6700655898309987,-0.0358162191466501
L,-22.033357553302768,1.4646033017873794,1.0869648352955184,1.1976289375741003,-23.331625218591846,-22.456544881984268,1.4891415722106798,-20.704896855044318,-22.28718809992722,0.7573388399576081,-0.4735209008354428,-3.106963387536318,-3.0634921238823516,-23.04630672343525,-0.7291497318163633,0.8021206514217617,0.9799503125872705
M,-18.91059410791913,-18.837283805312083,-18.83520951950165,3.0933990473675226,-20.208861768950197,-19.333781434579706,-20.704896855044318,-16.888986268485287,-19.164424653230583,-19.789868404068237,-20.826186730722586,0.6408329561586434,-21.247847513857852,-19.923543274321563,1.6323522491747755,-19.12005370180997,-19.719668081300203
N,-0.18094199190400084,1.4638955554606956,-20.417500759944925,-20.48915821437018,-0.5420824436340361,-20.916072677083697,-22.28718809992722,-19.164424653230583,2.2353669936675225,-21.372159647739856,-22.40847797569792,-23.001991069748826,1.2204900962001681,0.03593279706983971,-21.317324594696853,-20.70234494355427,-21.30195932482488
P,0.3171707864746121,1.01551398242719,-21.042944512361476,-21.114601966830385,-22.416596766201422,-0.10601654206754428,0.7573388399576081,-19.789868404068237,-21.372159647739856,1.6723672920635526,0.546230956592232,-0.8056405743165104,-0.5392091097275383,-22.131278271081225,-0.5072684598074357,-21.327788696127293,-0.491903189931489
Q,-0.02600036107134147,-22.081337126011658,-22.07926284018807,-22.150920294689385,0.030783139412957485,-0.44918768976347434,-0.4735209008354428,-20.826186730722586,-22.40847797569792,0.546230956592232,1.4245119817465568,-0.444099830058694,-2.3632537723291605,0.2935962155658052,-0.36076803854313116,-22.36410702407006,-0.8350743377185607
R,0.07363372533904369,-22.674850220030443,-22.672775934206616,-1.308933501035365,-1.4049419411206077,0.8211431937549324,-3.106963387536318,0.6408329561586434,-23.001991069748826,-0.8056405743165104,-0.444099830058694,0.9813123451622919,-1.0887174255850562,-23.761109693313713,0.842768345469171,0.6635887384925179,-0.7354402513675152
S,0.003959771736841265,-0.4123729270627875,-22.500923623545074,-22.572581078052522,-1.0698925091348417,-0.2714862770401914,-3.0634921238823516,-21.247847513857852,1.2204900962001681,-0.5392091097275383,-2.3632537723291605,-1.0887174255850562,1.2980307127346855,-0.07426738362486647,-1.217555745105634,-1.2440004921332046,-1.3188668462752242
T,-0.8130658336955765,1.3173964216643685,-21.17661938284212,-21.248276837317313,-22.550271636749944,-21.67519130026442,-23.04630672343525,-19.923543274321563,0.03593279706983971,-22.131278271081225,0.2935962155658052,-23.761109693313713,-0.07426738362486647,2.2802976853968953,0.9792844886861031,-21.461463566630467,-22.061077948146036
V,0.372005839509101,-20.990183745152493,-20.98810945932996,-21.059766913796036,-22.361761713139327,0.6965103371961533,-0.7291497318163633,1.6323522491747755,-21.317324594696853,-0.5072684598074357,-0.36076803854313116,0.842768345469171,-1.217555745105634,0.9792844886861031,-21.19478611418425,0.2688136722302068,-0.43706813687593654
W,-20.448514397164395,-20.37520409419143,1.062370079310295,0.990712624889299,-21.74678206169274,0.6700655898309987,0.8021206514217617,-19.12005370180997,-20.70234494355427,-21.327788696127293,-22.36410702407006,0.6635887384925179,-1.2440004921332046,-21.461463566630467,0.2688136722302068,-19.964826812471852,0.8710586947811712
Y,0.3873711093786029,-20.97481847528383,1.1559028785338965,1.9255010378646185,-22.346396443261817,-0.0358162191466501,0.9799503125872705,-19.719668081300203,-21.30195932482488,-0.491903189931489,-0.8350743377185607,-0.7354402513675152,-1.3188668462752242,-22.061077948146036,-0.43706813687593654,0.8710586947811712,1.5630308091545695
