,A,D,E,F,G,H,I,K,L,M,N,P,Q,R,S,T,V,W,Y
A,1.8353171895744163,-0.4385428304845472,-0.18895610592017428,-0.13587469763501656,-0.5037834033706847,-0.6745953016071934,-1.2565179089185026,0.6203709289253151,-1.573613844736413,0.5891406269831783,0.30477132765103615,-0.06615976284422245,-0.004413760393150885,0.5374261396294493,-0.21387540961478754,-0.23717805962483077,-0.3352756093796978,0.34716545743386285,-1.0182750247057186
D,-0.4385428304845472,2.2731941003824647,0.06828519798161503,0.10227308386833306,-0.9310412250810869,0.2855350439421373,-1.4810621226685523,-20.06143403955688,-1.090055303756867,-0.470026244146957,0.5969876296356442,-0.09215701466304936,-2.9154785465202884,-21.381434709632007,0.17817386808165822,0.027841350527082576,-1.2112749187038778,-20.905766567305204,0.34587922621759243
E,-0.18895610592017428,0.06828519798161503,1.8021237826451482,-0.12907628179992672,-0.19797134394774765,-19.790648445339887,-0.2565664150503974,-0.07573439753042906,-0.7362596256910281,-20.896598600135473,-0.3858090983207444,0.5006600269834309,-0.3154028066004408,-0.47573054289123706,-0.6331322873659593,-1.9163838344300381,-0.01903724290505646,0.05893156867653364,0.6107034524282478
F,-0.13587469763501656,0.10227308386833306,-0.12907628179992672,1.7784362845471346,-0.40401823152697686,0.4612467756568486,-21.22206293469793,-19.885722307693975,0.30899467507471406,0.5433818068597448,-1.0801584199952567,-0.24028013769436368,0.4046515491260668,-1.7942066135055275,-0.3742114287676005,-1.6463269340057936,-0.7890492826264104,1.202958695995258,-0.23011608928645802
G,-0.5037834033706847,-0.9310412250810869,-0.19797134394774765,-0.40401823152697686,0.9460127328811119,-0.27239545881929356,-0.7969331896565246,0.2707999461508842,-1.5634117195372172,-1.147081708755922,0.05218256130395458,-1.431314047477129,-0.843955421535609,-0.8300216467979615,-0.5553354337933625,-0.2784589410065062,-0.8629017549170285,-0.1905042797535768,-0.9501445174299605
H,-0.6745953016071934,0.2855350439421373,-19.790648445339887,0.4612467756568486,-0.27239545881929356,2.36164552373773,0.7282884563634822,-17.98532353481217,0.5406904143118755,-18.756235121598756,1.529800551220694,0.22469885923882155,-20.128059172610293,-19.305324194981303,-1.436921730315353,-1.3881670502378558,0.7674425152060017,0.03599224469560793,0.3287094745471591
I,-1.2565179089185026,-1.4810621226685523,-0.2565664150503974,-21.22206293469793,-0.7969331896565246,0.7282884563634822,2.396117843957005,-0.9038212296081274,0.4574550339935569,1.110700284443085,-0.9997535931640027,0.24735137726793122,-2.5107472184831727,-1.6701478775950296,-1.1677944107728313,0.3175564100563965,0.22226069477509305,0.28242396139137305,-0.17903639565949336
K,0.6203709289253151,-20.06143403955688,-0.07573439753042906,-19.885722307693975,0.2707999461508842,-17.98532353481217,-0.9038212296081274,2.769108464723745,0.024765412265509056,-19.091273680966953,-0.18399037779841634,-20.532396222038734,-0.234275045983997,-0.33380725106476417,-0.6147007703758579,0.013823224510621302,-0.7042304169963967,0.1418608897786371,0.7511167370237406
L,-1.573613844736413,-1.090055303756867,-0.7362596256910281,0.30899467507471406,-1.5634117195372172,0.5406904143118755,0.4574550339935569,0.024765412265509056,1.4496450113018475,0.5269856356574509,-1.8960580574247117,-0.30714681209500794,-0.2585400903499882,0.5589557652585503,-1.1310270647283136,-1.1844086800023474,0.09266433528586636,0.3283400614080103,-0.6830278145844916
M,0.5891406269831783,-0.470026244146957,-20.896598600135473,0.5433818068597448,-1.147081708755922,-18.756235121598756,1.110700284443085,-19.091273680966953,0.5269856356574509,2.728433440161587,-20.417974828493996,-0.9762711474547451,0.26932893017095705,-1.3889151901903718,-1.2000086637334022,-0.13357163402306338,-0.4252413743300787,0.9137610087504475,-20.750328754175293
N,0.30477132765103615,0.5969876296356442,-0.3858090983207444,-1.0801584199952567,0.05218256130395458,1.529800551220694,-0.9997535931640027,-0.18399037779841634,-1.8960580574247117,-20.417974828493996,2.626403438000227,-2.5294424741350707,-2.326726026648965,-0.9793899985429597,-0.8161919521545553,-1.2913478173500899,-0.0021325066024224597,-0.37298449869177663,-0.043993400100571185
P,-0.06615976284422245,-0.09215701466304936,0.5006600269834309,-0.24028013769436368,-1.431314047477129,0.22469885923882155,0.24735137726793122,-20.532396222038734,-0.30714681209500794,-0.9762711474547451,-2.5294424741350707,1.9936780080418042,-0.43446083338619385,-0.03638618449851622,-0.4123741882681829,-1.1226989817554596,-0.9706849262522051,-0.572599331733969,-1.7181347238824212
Q,-0.004413760393150885,-2.9154785465202884,-0.3154028066004408,0.4046515491260668,-0.843955421535609,-20.128059172610293,-2.5107472184831727,-0.234275045983997,-0.2585400903499882,0.26932893017095705,-2.326726026648965,-0.43446083338619385,1.8507635425674638,0.8035445147400824,-0.5807315607777492,-0.2472731774199673,-0.4796739617001312,0.4292885341118451,-0.15960289697565797
R,0.5374261396294493,-21.381434709632007,-0.47573054289123706,-1.7942066135055275,-0.8300216467979615,-19.305324194981303,-1.6701478775950296,-0.33380725106476417,0.5589557652585503,-1.3889151901903718,-0.9793899985429597,-0.03638618449851622,0.8035445147400824,1.9882890848256423,-0.07148094974872277,-1.2747315533547332,-0.11569959625442905,-0.2568953232914276,-1.0741716285751013
S,-0.21387540961478754,0.17817386808165822,-0.6331322873659593,-0.3742114287676005,-0.5553354337933625,-1.436921730315353,-1.1677944107728313,-0.6147007703758579,-1.1310270647283136,-1.2000086637334022,-0.8161919521545553,-0.4123741882681829,-0.5807315607777492,-0.07148094974872277,1.3878047140539191,-0.0858355360274023,0.13979202503073612,-0.9683794079764947,-0.5528048923305057
T,-0.23717805962483077,0.027841350527082576,-1.9163838344300381,-1.6463269340057936,-0.2784589410065062,-1.3881670502378558,0.3175564100563965,0.013823224510621302,-1.1844086800023474,-0.13357163402306338,-1.2913478173500899,-1.1226989817554596,-0.2472731774199673,-1.2747315533547332,-0.0858355360274023,1.9678665138906573,-1.5977188188339493,-0.5511283118274146,-0.9898193725002528
V,-0.3352756093796978,-1.2112749187038778,-0.01903724290505646,-0.7890492826264104,-0.8629017549170285,0.7674425152060017,0.22226069477509305,-0.7042304169963967,0.09266433528586636,-0.4252413743300787,-0.0021325066024224597,-0.9706849262522051,-0.4796739617001312,-0.11569959625442905,0.13979202503073612,-1.5977188188339493,2.138625723429324,-20.867346289045102,0.36379397439667305
W,0.34716545743386285,-20.905766567305204,0.05893156867653364,1.202958695995258,-0.1905042797535768,0.03599224469560793,0.28242396139137305,0.1418608897786371,0.3283400614080103,0.9137610087504475,-0.37298449869177663,-0.572599331733969,0.4292885341118451,-0.2568953232914276,-0.9683794079764947,-0.5511283118274146,-20.867346289045102,1.3366863709768044,0.040159904359741906
Y,-1.0182750247057186,0.34587922621759243,0.6107034524282478,-0.23011608928645802,-0.9501445174299605,0.3287094745471591,-0.17903639565949336,0.7511167370237406,-0.6830278145844916,-20.750328754175293,-0.043993400100571185,-1.7181347238824212,-0.15960289697565797,-1.0741716285751013,-0.5528048923305057,-0.9898193725002528,0.36379397439667305,0.040159904359741906,2.3834994410659744
