,A,E,F,G,H,L,N,P,Q,S,T,W,Y
A,1.0826964821458451,-23.672366946549758,0.04752952885544242,-24.582869722840574,-22.94129454316501,-1.0239846483755939,-22.906007112039642,0.047529528857186934,-22.64482082941476,-1.867228455527312,1.5694500266798967,-22.68284291510796,-20.48230836139231
E,-23.672366946549758,-21.641353298929904,-22.261267179649202,1.826062207193156,-21.603428076064098,0.5164424186380124,-21.568140644949715,-23.359879468174107,-21.30695436241941,-23.684868031117816,-21.946882026118494,-21.344976448097263,-19.144441897562288
F,0.04752952885544242,-22.261267179649202,-21.49488669968054,-23.171769955842944,-21.530194776439433,0.38711511862752884,-21.494907345326187,1.4586292958619096,-21.233721062805625,-23.611634731465575,-21.87364872648467,-21.271743148481892,-19.071208598274566
G,-24.582869722840574,1.826062207193156,-23.171769955842944,1.608706611446666,-22.51393085213836,-24.243284133054217,-22.478643421015075,-24.270382244453437,-22.217457138408133,-1.0473935612198453,-22.857384802264804,-22.255479224098423,-20.054944670986124
H,-22.94129454316501,-21.603428076064098,-21.530194776439433,-22.51393085213836,1.9600673082834459,1.0069321366422925,-20.837068241971355,-22.62880706481006,3.0327591304772374,-22.95379562773237,-21.215809622994215,-20.61390404523462,3.725906302309448
L,-1.0239846483755939,0.5164424186380124,0.38711511862752884,-24.243284133054217,1.0069321366422925,0.8082957074219799,-22.566421522290348,0.3871151186444686,1.3034058503773573,-0.34333855241099437,-22.945162903544656,-22.343257325370065,-20.14272277211197
N,-22.906007112039642,-21.568140644949715,-21.494907345326187,-22.478643421015075,-20.837068241971355,-22.566421522290348,-20.108633631238675,-22.593519633686125,-20.540594528491535,1.6444663566336173,-21.180522191886887,-20.57861661414541,-18.37808206857777
P,0.047529528857186934,-23.359879468174107,1.4586292958619096,-24.270382244453437,-22.62880706481006,0.3871151186444686,-22.593519633686125,1.0531641877794269,-22.332333351073586,-24.710247020096574,-22.972261014941772,-22.370355436764783,-20.169820883464208
Q,-22.64482082941476,-21.30695436241941,-21.233721062805625,-22.217457138408133,3.0327591304772374,1.3034058503773573,-20.540594528491535,-22.332333351073586,-19.586261067190055,-22.65732191398165,-20.919335909417292,-20.3174303318318,-18.116895789033823
S,-1.867228455527312,-23.684868031117816,-23.611634731465575,-1.0473935612198453,-22.95379562773237,-0.34333855241099437,1.6444663566336173,-24.710247020096574,-22.65732191398165,1.132044518146443,-0.8348907153890314,1.644466356611157,-20.49480944594521
T,1.5694500266798967,-21.946882026118494,-21.87364872648467,-22.857384802264804,-21.215809622994215,-22.945162903544656,-21.180522191886887,-22.972261014941772,-20.919335909417292,-0.8348907153890314,-20.86611639286503,-20.95735799508529,-18.756823446592012
W,-22.68284291510796,-21.344976448097263,-21.271743148481892,-22.255479224098423,-20.61390404523462,-22.343257325370065,-20.57861661414541,-22.370355436764783,-20.3174303318318,1.644466356611157,-20.95735799508529,-19.66230523835911,-18.154917874226967
Y,-20.48230836139231,-19.144441897562288,-19.071208598274566,-20.054944670986124,3.725906302309448,-20.14272277211197,-18.37808206857777,-20.169820883464208,-18.116895789033823,-20.49480944594521,-18.756823446592012,-18.154917874226967,-15.261236361350626
