,A,C,D,F,G,H,I,K,L,N,P,Q,R,S,T,V,Y
A,-20.137783610770708,-17.918507030448236,-19.785237136398653,1.2085623631110667,0.3006292012905211,-19.528934976884784,-16.956848933068446,-20.590164038688904,0.7387407198591553,-18.58072749495347,0.5685649229342049,-1.7007039136109294,-0.167091360869218,0.9573474206770131,-18.933081235061707,1.1439290677605192,0.51282639216871
C,-17.918507030448236,-14.312936665849554,-16.872813405248394,-17.971656769573567,-18.87958992255403,-16.616511258723033,-14.044425909630066,-17.677740282957966,-19.13462558307288,-15.668303867621363,-18.61165420274664,-20.880923032286915,-19.3473104824812,-18.916018883386556,-16.020657563695824,-18.729437237485072,2.997733034703314
D,-19.785237136398653,-16.872813405248394,1.1338228101606294,-19.838386876247,-20.746320037130076,-18.483241327285917,-15.911155357143375,2.5481725083719966,-21.001355698851587,-17.535033854986875,2.712870866295381,-22.747653151483412,-21.214040599053057,-0.909382697640372,-17.88738759042543,-20.596167351195568,-20.534122846401708
F,1.2085623631110667,-17.971656769573567,-19.838386876247,-20.2440830905508,0.7513110234198435,-19.5820847166945,-17.009998670811637,-20.643313778610374,0.6855909798923323,-18.633877234493003,0.515415182976846,-1.753853653589125,-0.22024110083867993,0.9041976807135562,-18.986230974732223,1.0907793278005784,0.45967665221009124
G,0.3006292012905211,-18.87958992255403,-20.746320037130076,0.7513110234198435,1.8205462167741093,-20.49001787715529,-17.91793180868529,-21.551246940292625,-0.22234218228566124,-19.541810392000702,-0.3925179790977054,-2.6617868158914213,0.7837436948977736,-0.003735481427648541,-19.894164133671563,0.5883112737635907,-0.44825650987823085
H,-19.528934976884784,-16.616511258723033,-18.483241327285917,-19.5820847166945,-20.49001787715529,4.54127315481607,-15.654853232814048,-19.288168225795236,-20.74505353881253,3.662320177783928,-20.222082155794055,-22.491350991261722,-20.957738438971617,-20.526446838168724,4.443979721019016,-20.339865191267034,-20.2778206864944
I,-16.956848933068446,-14.044425909630066,-15.911155357143375,-17.009998670811637,-17.91793180868529,-15.654853232814048,7.333014421881875,-16.716082192847058,-18.17296746690511,-14.706645996931002,-17.64999609201594,-19.91926490958563,-18.38565236479722,-17.95436076915247,4.258173668524247,-17.767779125270938,-17.705734621634083
K,-20.590164038688904,-17.677740282957966,2.5481725083719966,-20.643313778610374,-21.551246940292625,-19.288168225795236,-16.716082192847058,1.3202027601082649,1.415064781540798,-18.33996074528485,1.907943963298841,-1.88298000692814,0.10376759275549273,-21.5876759013356,-18.692314484704227,-21.401094254270586,-21.339049749436537
L,0.7387407198591553,-19.13462558307288,-21.001355698851587,0.6855909798923323,-0.22234218228566124,-20.74505353881253,-18.17296746690511,1.415064781540798,1.1562058369251478,-19.79684605320853,0.045593539432272734,-2.2236752973961025,0.2443917515682484,0.43437603715575235,-20.149199795097264,0.6209576842870534,0.6981614783011718
N,-18.58072749495347,-15.668303867621363,-17.535033854986875,-18.633877234493003,-19.541810392000702,3.662320177783928,-14.706645996931002,-18.33996074528485,-19.79684605320853,5.709139822940021,-19.273874671252898,-21.543143504380545,-20.009530953071227,-19.578239352942717,-16.682877982817175,-19.39165770643589,-19.329613201811753
P,0.5685649229342049,-18.61165420274664,2.712870866295381,0.515415182976846,-0.3925179790977054,-20.222082155794055,-17.64999609201594,1.907943963298841,0.045593539432272734,-19.273874671252898,1.6671772114328038,-2.3938510941476663,-0.8602385413215938,0.2642002402826436,-19.62622841262637,0.45078188740011305,-0.18032078817892355
Q,-1.7007039136109294,-20.880923032286915,-22.747653151483412,-1.753853653589125,-2.6617868158914213,-22.491350991261722,-19.91926490958563,-1.88298000692814,-2.2236752973961025,-21.543143504380545,-2.3938510941476663,0.628705941612641,-0.04875075046711577,-2.0050685965165798,-21.89549724688845,-1.8184869493686584,-2.449589624936243
R,-0.167091360869218,-19.3473104824812,-21.214040599053057,-0.22024110083867993,0.7837436948977736,-20.957738438971617,-18.38565236479722,0.10376759275549273,0.2443917515682484,-20.009530953071227,-0.8602385413215938,-0.04875075046711577,-0.902747644794419,0.2842601930014767,-20.36188469510365,0.4082727839631667,-0.14446633525959363
S,0.9573474206770131,-18.916018883386556,-0.909382697640372,0.9041976807135562,-0.003735481427648541,-20.526446838168724,-17.95436076915247,-21.5876759013356,0.43437603715575235,-19.578239352942717,0.2642002402826436,-2.0050685965165798,0.2842601930014767,0.9563358571823574,1.879409912514936,0.8395643851410367,0.9016088899981641
T,-18.933081235061707,-16.020657563695824,-17.88738759042543,-18.986230974732223,-19.894164133671563,4.443979721019016,4.258173668524247,-18.692314484704227,-20.149199795097264,-16.682877982817175,-19.62622841262637,-21.89549724688845,-20.36188469510365,1.879409912514936,-16.34208456797996,-19.744011447949948,-19.681966943253823
V,1.1439290677605192,-18.729437237485072,-20.596167351195568,1.0907793278005784,0.5883112737635907,-20.339865191267034,-17.767779125270938,-21.401094254270586,0.6209576842870534,-19.39165770643589,0.45078188740011305,-1.8184869493686584,0.4082727839631667,0.8395643851410367,-19.744011447949948,0.3329988517156652,0.39504335662109596
Y,0.51282639216871,2.997733034703314,-20.534122846401708,0.45967665221009124,-0.44825650987823085,-20.2778206864944,-17.705734621634083,-21.339049749436537,0.6981614783011718,-19.329613201811753,-0.18032078817892355,-2.449589624936243,-0.14446633525959363,0.9016088899981641,-19.681966943253823,0.39504335662109596,1.7787705902030506
