,A,D,E,F,G,H,I,L,M,N,P,Q,R,S,T,W,Y
A,-21.010124458584546,1.1664884830812874,0.9125530552339346,-19.623904218145015,0.5855132013272428,1.167795194877196,-19.960262907387982,0.2823137270808445,0.6587763125960139,0.17866705510172026,-20.37535655581293,-1.168854857246232,-21.104790499089077,-2.331301310633451,-0.10657804617893975,-19.697141757263935,-19.398853053077286
D,1.1664884830812874,1.2241179993514717,0.5029195612722327,-20.033537711667645,0.6575463246091615,-20.90311162147947,-20.36989640119884,-1.690507080991025,-22.10527768442072,0.14750404523791658,-20.78499004986868,-1.5955325492391716,-21.514423993391286,-0.25602815597908285,-1.0480734214177176,-20.10677525085783,-19.80848654634524
E,0.9125530552339346,0.5029195612722327,-17.99367367872907,-18.115678831493295,0.3383883937893406,-18.98525273458265,-18.45203751771883,0.22735181002728488,-20.187418794131087,0.6790685752306681,-18.867131163580037,-21.478420136220077,-19.59656510427597,0.27553637456366015,-21.62410818873399,2.9186829282417857,-17.89062766909179
F,-19.623904218145015,-20.033537711667645,-18.115678831493295,4.696668524144378,-21.296681166742676,-18.414110712927172,-17.88089549914855,-20.309105462703705,-19.616276769412067,-19.85738869787626,-18.29598914247371,1.333927253302591,-19.0254230806173,-21.359533185953417,-21.052966163011543,-17.617774353542785,-17.319485656143787
G,0.5855132013272428,0.6575463246091615,0.3383883937893406,-21.296681166742676,0.7516287848953589,-0.5049817551370046,0.02823346556568948,-0.02590010269270937,-0.6085355300901812,-0.9459741196810965,-22.048133505698978,-0.7217963205508077,-22.777567449570753,-0.16785881613938144,-1.2342109008351747,-21.369918706033815,-21.071630001059464
H,1.167795194877196,-20.90311162147947,-18.98525273458265,-18.414110712927172,-0.5049817551370046,-18.590537441708765,-18.75046940015252,0.4825939494535033,1.8685698239877373,0.934310714782813,-19.16556304686322,0.13666127480728868,-19.8949969884141,-22.229107096615582,-0.2612667513155221,-18.487348251547257,2.024524264494944
I,-19.960262907387982,-20.36989640119884,-18.45203751771883,-17.88089549914855,0.02823346556568948,-18.75046940015252,-17.524107016044635,1.0158091698758693,1.7086378635994233,-20.193747387297794,-18.63234782933857,0.41763652183830535,-19.36178176915764,-21.695891875902753,0.2719484693412502,-17.95413303726791,-17.65584433765314
L,0.2823137270808445,-1.690507080991025,0.22735181002728488,-20.309105462703705,-0.02590010269270937,0.4825939494535033,1.0158091698758693,1.2356440995415536,0.3790401747786862,-0.9606840426999897,-21.060557801158367,0.5305804485233335,-21.789991744798233,-0.4985960879557846,-1.4631143290245239,-0.9497085698246973,-20.084054297260135
M,0.6587763125960139,-22.10527768442072,-20.187418794131087,-19.616276769412067,-0.6085355300901812,1.8685698239877373,1.7086378635994233,0.3790401747786862,0.6664037611636773,0.42529183231835693,-20.36772910706784,-1.3177447620668525,-21.09716305033837,-23.431273159985995,1.0506643206884652,-19.689514308529365,-19.39122560435014
N,0.17866705510172026,0.14750404523791658,0.6790685752306681,-19.85738869787626,-0.9459741196810965,0.934310714782813,-20.193747387297794,-0.9606840426999897,0.42529183231835693,2.012704970231568,-20.608841035874462,-23.22013001340463,-21.3382749793033,0.1893470783279592,-1.058839200401836,1.1769730610686409,1.9804997859948805
P,-20.37535655581293,-20.78499004986868,-18.867131163580037,-18.29598914247371,-22.048133505698978,-19.16556304686322,-18.63234782933857,-21.060557801158367,-20.36772910706784,-20.608841035874462,-18.354294300526234,0.28672625703926036,-19.776875416985607,1.3818905848064575,-21.80441850188567,-18.36922668100467,-18.07093797950729
Q,-1.168854857246232,-1.5955325492391716,-21.478420136220077,1.333927253302591,-0.7217963205508077,0.13666127480728868,0.41763652183830535,0.5305804485233335,-1.3177447620668525,-23.22013001340463,0.28672625703926036,1.3611083314581571,1.5090678240431448,-0.9064257644986553,-2.754434157892541,-20.98051564981889,-20.682226944931212
R,-21.104790499089077,-21.514423993391286,-19.59656510427597,-19.0254230806173,-22.777567449570753,-19.8949969884141,-19.36178176915764,-21.789991744798233,-21.09716305033837,-21.3382749793033,-19.776875416985607,1.5090678240431448,2.0046284954803713,0.2097636468000094,-22.533852445719454,-19.098660619562505,-18.80037191617042
S,-2.331301310633451,-0.25602815597908285,0.27553637456366015,-21.359533185953417,-0.16785881613938144,-22.229107096615582,-21.695891875902753,-0.4985960879557846,-23.431273159985995,0.1893470783279592,1.3818905848064575,-0.9064257644986553,0.2097636468000094,0.8757114952567185,-1.315472076216741,1.178576599189394,0.8838204063553119
T,-0.10657804617893975,-1.0480734214177176,-21.62410818873399,-21.052966163011543,-1.2342109008351747,-0.2612667513155221,0.2719484693412502,-1.4631143290245239,1.0506643206884652,-1.058839200401836,-21.80441850188567,-2.754434157892541,-22.533852445719454,-1.315472076216741,1.487269466015405,-21.126203702291697,-20.827914997367586
W,-19.697141757263935,-20.10677525085783,2.9186829282417857,-17.617774353542785,-21.369918706033815,-18.487348251547257,-17.95413303726791,-0.9497085698246973,-19.689514308529365,1.1769730610686409,-18.36922668100467,-20.98051564981889,-19.098660619562505,1.178576599189394,-21.126203702291697,-16.997864731481464,-17.392723193350648
Y,-19.398853053077286,-19.80848654634524,-17.89062766909179,-17.319485656143787,-21.071630001059464,2.024524264494944,-17.65584433765314,-20.084054297260135,-19.39122560435014,1.9804997859948805,-18.07093797950729,-20.682226944931212,-18.80037191617042,0.8838204063553119,-20.827914997367586,-17.392723193350648,3.119149280223644
