,A,C,D,E,F,G,H,I,K,L,M,N,P,Q,R,S,T,V,W,Y
A,1.952208642193047,0.02605708632644455,-0.26734969499994504,-0.1891954797563056,-16.02952343873836,-0.8831842351318797,-0.3299647486921341,-0.04341798094473741,-0.9287539105773939,-0.5524303995035226,2.5729354865871397,-1.1367458572462446,-1.3615296013114326,-2.0814471735092086,-0.2649082230978936,-0.25585735383264746,0.11368356929748352,0.1802999304047347,0.4917100249979172,-20.45491201726265
C,0.02605708632644455,-16.82478184631523,-20.15116257179281,-19.821516601244348,-13.692571126730487,-21.292966788940863,-17.561585613044524,-18.4037433213802,-18.47273998540998,-20.172005445435094,-17.866831401160248,-18.759960262927105,0.9754237266886915,-20.964811510654695,-0.12880138493434898,1.6705368691463107,-20.68056240002838,-19.369700420778496,-17.61421359625662,-18.117958695927104
D,-0.26734969499994504,-20.15116257179281,2.379437543009426,0.2225024273132708,-16.325803669631604,-0.4619363502944437,0.8205987756748799,-21.036976904413372,-21.105973569072525,-22.805239036297596,-20.5000649774842,-0.30820474267264714,-21.538749259889183,-2.6815504259418046,-1.0686622968021857,-1.8312332972100218,-1.4426367248081504,-2.2599781184939443,-20.247447167939402,-20.75119227583744
E,-0.1891954797563056,-19.821516601244348,0.2225024273132708,1.6791348426448371,1.202411974326762,0.44202390748788156,1.1143784739146212,-4.201908375632849,-0.8953881982782729,-22.4755930651059,-3.6649964489064675,-21.063547877748718,-21.20910328882156,-0.16786852993118076,0.5627450245514992,-2.773336900517628,-1.2621361969361231,-0.454986606992964,-0.03686179750724829,0.9350762331273743
F,-16.02952343873836,-13.692571126730487,-16.325803669631604,1.202411974326762,6.232642882330613,-17.4676078326782,-13.736227690311722,1.5215726877607438,-14.647381429517964,-16.346646541634595,2.0584842837853157,-14.934601600747188,-15.08015696767901,-0.34634795094071236,-16.35117127486884,-17.26007728667661,1.6426491986853808,-15.544341612765436,-13.78885561923706,1.8073571623156732
G,-0.8831842351318797,-21.292966788940863,-0.4619363502944437,0.44202390748788156,-17.4676078326782,1.2956172967806492,-1.7680492242168935,-1.8869675650547855,-0.2873968474941125,-23.947043254567063,-21.641869194987553,-22.534998066795247,-22.680553477942347,-1.5819042710648006,-0.47979098315426105,-1.8840683843670498,-1.803178316828951,-3.401782336658953,0.6744882865974433,0.9598537236058503
H,-0.3299647486921341,-17.561585613044524,0.8205987756748799,1.1143784739146212,-13.736227690311722,-1.7680492242168935,2.5962123511231066,-18.44739993283246,-18.516396596891205,-20.21566205724769,-17.910488012303723,2.0909849011702235,-18.949172284755164,-0.5784169157332403,-0.33924739101346596,-21.129092848944815,1.1469402548543102,-19.41335703249986,-17.657870207186487,-0.7440558283826129
I,-0.04341798094473741,-18.4037433213802,-21.036976904413372,-4.201908375632849,1.5215726877607438,-1.8869675650547855,-18.44739993283246,2.1793585891253464,0.2276654927753745,0.29369993168413067,0.8610257093258533,-19.645774592403395,0.4498393881481022,-2.222171181470082,-21.06234451166736,0.027124836663045073,0.4553277359882938,2.325577584202583,1.7917856404596557,0.5209468523109991
K,-0.9287539105773939,-18.47273998540998,-21.105973569072525,-0.8953881982782729,-14.647381429517964,-0.2873968474941125,-18.516396596891205,0.2276654927753745,1.245955751053471,-0.6069149813142933,-18.82164238882732,1.3025622487181452,0.9747134620794162,-0.5994814960552352,-0.5043473438511135,-0.7210063856458262,1.202706036679049,0.6480027482838204,1.311914818972327,-19.07276968597098
L,-0.5524303995035226,-20.172005445435094,-22.805239036297596,-22.4755930651059,-16.346646541634595,-23.947043254567063,-20.21566205724769,0.29369993168413067,-0.6069149813142933,2.383913645464843,0.4640528858684338,-21.414036722457553,-0.23134658418510026,-0.3652318503962755,-22.830606643566764,-2.232666300348656,-3.0428253079947933,1.285925451258825,-0.6696236633900119,-0.16511544598736033
M,2.5729354865871397,-17.866831401160248,-20.5000649774842,-3.6649964489064675,2.0584842837853157,-21.641869194987553,-17.910488012303723,0.8610257093258533,-18.82164238882732,0.4640528858684338,3.174692030847051,-19.10886266704247,-19.254418077531035,-1.685259254251761,-20.525432584725177,-21.434338643096087,-0.27823466399739155,-19.71860282585159,-17.963115995872332,-3.0600506932225455
N,-1.1367458572462446,-18.759960262927105,-0.30820474267264714,-21.063547877748718,-14.934601600747188,-22.534998066795247,2.0909849011702235,-19.645774592403395,1.3025622487181452,-21.414036722457553,-19.10886266704247,3.6349840680259873,-20.147546947008617,-22.20684278835282,-0.20369640517093934,-0.007762523210086834,-0.6368619086856404,-20.611731696281996,-18.85624485858252,-19.35998996455741
P,-1.3615296013114326,0.9754237266886915,-21.538749259889183,-21.20910328882156,-15.08015696767901,-22.680553477942347,-18.949172284755164,0.4498393881481022,0.9747134620794162,-0.23134658418510026,-19.254418077531035,-20.147546947008617,0.8970312947556953,0.18190868786692235,-1.6831774673302122,0.9306193436029935,0.5082789255815975,0.767318526835189,-19.00180026887547,0.0027620418903789683
Q,-2.0814471735092086,-20.964811510654695,-2.6815504259418046,-0.16786852993118076,-0.34634795094071236,-1.5819042710648006,-0.5784169157332403,-2.222171181470082,-0.5994814960552352,-0.3652318503962755,-1.685259254251761,-22.20684278835282,0.18190868786692235,1.679621326024712,-0.2533874028154367,-3.524842106461916,-1.9880870231105272,-22.816582949352295,-0.48700952767260824,-0.8987629180731621
R,-0.2649082230978936,-0.12880138493434898,-1.0686622968021857,0.5627450245514992,-16.35117127486884,-0.47979098315426105,-0.33924739101346596,-21.06234451166736,-0.5043473438511135,-22.830606643566764,-20.525432584725177,-0.20369640517093934,-1.6831774673302122,-0.2533874028154367,1.8908571411777184,-0.09005460453679744,-1.8487862884065311,-22.028301616924008,0.23465809509180308,-0.12093424233486942
S,-0.25585735383264746,1.6705368691463107,-1.8312332972100218,-2.773336900517628,-17.26007728667661,-1.8840683843670498,-21.129092848944815,0.027124836663045073,-0.7210063856458262,-2.232666300348656,-21.434338643096087,-0.007762523210086834,0.9306193436029935,-3.524842106461916,-0.09005460453679744,1.4654889485585694,-0.7100849950102319,-3.2374602804379986,-0.7388438987510191,-1.017409044663289
T,0.11368356929748352,-20.68056240002838,-1.4426367248081504,-1.2621361969361231,1.6426491986853808,-1.803178316828951,1.1469402548543102,0.4553277359882938,1.202706036679049,-3.0428253079947933,-0.27823466399739155,-0.6368619086856404,0.5082789255815975,-1.9880870231105272,-1.8487862884065311,-0.7100849950102319,1.7920833623905854,-0.3637841943003045,-0.3339700616596788,-3.475886611818215
V,0.1802999304047347,-19.369700420778496,-2.2599781184939443,-0.454986606992964,-15.544341612765436,-3.401782336658953,-19.41335703249986,2.325577584202583,0.6480027482838204,1.285925451258825,-19.71860282585159,-20.611731696281996,0.767318526835189,-22.816582949352295,-22.028301616924008,-3.2374602804379986,-0.3637841943003045,2.665085810020847,0.13268136146263426,-19.96973012387595
W,0.4917100249979172,-17.61421359625662,-20.247447167939402,-0.03686179750724829,-13.78885561923706,0.6744882865974433,-17.657870207186487,1.7917856404596557,1.311914818972327,-0.6696236633900119,-17.963115995872332,-18.85624485858252,-19.00180026887547,-0.48700952767260824,0.23465809509180308,-0.7388438987510191,-0.3339700616596788,0.13268136146263426,-17.017351030293373,-18.21424329099388
Y,-20.45491201726265,-18.117958695927104,-20.75119227583744,0.9350762331273743,1.8073571623156732,0.9598537236058503,-0.7440558283826129,0.5209468523109991,-19.07276968597098,-0.16511544598736033,-3.0600506932225455,-19.35998996455741,0.0027620418903789683,-0.8987629180731621,-0.12093424233486942,-1.017409044663289,-3.475886611818215,-19.96973012387595,-18.21424329099388,2.5324772480999638
