,A,C,D,E,G,I,L,M,N,P,Q,R,S,T,V,Y
A,1.725051525078989,-20.99530544530106,-20.713870604481333,1.0490012292569095,-22.632519042664306,-23.376185575206318,-24.46592262597104,-22.131820181114612,-22.67194182625241,1.5649327157420176,-0.24813221464479177,-24.06711882439331,-24.554035912061,-22.528318514646006,2.2580798964213917,-20.580072846226674
C,-20.99530544530106,-17.489455230667783,-17.9011675615963,-19.974555192252556,-19.819815986296536,-20.56348251762145,-21.65321956765424,-19.319117126254493,-19.859238769794963,-18.78820904196335,-20.601273966903396,-21.25441576625826,1.512052487536757,-19.715615458533016,-19.363664788289153,-17.767369805603977
D,-20.713870604481333,-17.9011675615963,-16.926585567709957,-19.693120351872412,3.43356935417682,-20.282047676935445,-21.37178472671514,-19.037682286510687,-19.577803929498813,-18.50677420314665,-20.31983912620325,-20.972980925382007,-21.459898012763002,-19.434180618355978,-19.082229948487683,-17.485934970783354
E,1.0490012292569095,-19.974555192252556,-19.693120351872412,2.0929710356246707,1.8141928040549111,-22.355435320930425,-23.445172371612145,-21.11106992714771,-21.65119157210437,-20.58016184047949,-22.393226770248635,0.3795930225263165,-23.533285657698556,-21.507568260537024,-21.155617589330227,-19.559322593874306
G,-22.632519042664306,-19.819815986296536,3.43356935417682,1.8141928040549111,2.2080680980026552,-22.20069611465329,-23.290433165313296,-20.956330720951414,-21.496452365860684,-20.42542263436274,-22.238487563970285,0.7252612435273483,-1.511455471030049,-21.35282905430356,-21.00087838312898,-19.40458338810041
I,-23.376185575206318,-20.56348251762145,-20.282047676935445,-22.355435320930425,-22.20069611465329,1.7834603596693532,0.048413131980862646,2.2844377162754728,-22.240118898238304,-21.169089166275846,1.0022808729563308,-23.63529589632133,-24.12221298398167,-22.09649558664378,-21.744544915351284,-20.148249918758832
L,-24.46592262597104,-21.65321956765424,-21.37178472671514,-23.445172371612145,-23.290433165313296,0.048413131980862646,1.1691242539494175,-22.78973430371718,1.0238561161759814,-22.25882621666236,-24.071891147216892,-24.725032947096725,-0.17286652925652554,-23.18623263728715,-22.83428196592374,-21.237986968390818
M,-22.131820181114612,-19.319117126254493,-19.037682286510687,-21.11106992714771,-20.956330720951414,2.2844377162754728,-22.78973430371718,-19.762484680567105,-20.995753504514628,-19.92472377359209,1.5534990864423772,-22.390930502189896,-22.877847589798456,-20.85213019300383,-20.500179521975323,-18.90388452888396
N,-22.67194182625241,-19.859238769794963,-19.577803929498813,-21.65119157210437,-21.496452365860684,-22.240118898238304,1.0238561161759814,-20.995753504514628,1.7764583522807507,-20.464845417904506,-22.277910347555625,-22.931052147350986,-0.9363893727975818,0.024205554759218078,-21.04030116669353,3.3941465702744265
P,1.5649327157420176,-18.78820904196335,-18.50677420314665,-20.58016184047949,-20.42542263436274,-21.169089166275846,-22.25882621666236,-19.92472377359209,-20.464845417904506,-18.700668511224254,1.9589641943068155,-21.860022415178545,-22.346939502736156,-20.321222106476093,-19.969271435707345,-18.372976446061003
Q,-0.24813221464479177,-20.601273966903396,-20.31983912620325,-22.393226770248635,-22.238487563970285,1.0022808729563308,-24.071891147216892,1.5534990864423772,-22.277910347555625,1.9589641943068155,1.3919918644796865,0.7108478075878067,-24.16000443330589,-22.134287035959847,-21.782336364663387,-20.186041368018383
R,-24.06711882439331,-21.25441576625826,-20.972980925382007,0.3795930225263165,0.7252612435273483,-23.63529589632133,-24.725032947096725,-22.390930502189896,-22.931052147350986,-21.860022415178545,0.7108478075878067,1.039091134918907,0.46742654191213534,-22.787428835739554,-22.435478164393754,-20.83918316709436
S,-24.554035912061,1.512052487536757,-21.459898012763002,-23.533285657698556,-1.511455471030049,-24.12221298398167,-0.17286652925652554,-22.877847589798456,-0.9363893727975818,-22.346939502736156,-24.16000443330589,0.46742654191213534,0.6862050953374412,1.4770555096951932,-22.922395252005483,-21.326100254432365
T,-22.528318514646006,-19.715615458533016,-19.434180618355978,-21.507568260537024,-21.35282905430356,-22.09649558664378,-23.18623263728715,-20.85213019300383,0.024205554759218078,-20.321222106476093,-22.134287035959847,-22.787428835739554,1.4770555096951932,-20.555481346358896,-20.896677855177607,-19.300382860476407
V,2.2580798964213917,-19.363664788289153,-19.082229948487683,-21.155617589330227,-21.00087838312898,-21.744544915351284,-22.83428196592374,-20.500179521975323,-21.04030116669353,-19.969271435707345,-21.782336364663387,-22.435478164393754,-22.922395252005483,-20.896677855177607,-19.85158000476847,-18.948432190827297
Y,-20.580072846226674,-17.767369805603977,-17.485934970783354,-19.559322593874306,-19.40458338810041,-20.148249918758832,-21.237986968390818,-18.90388452888396,3.3941465702744265,-18.372976446061003,-20.186041368018383,-20.83918316709436,-21.326100254432365,-19.300382860476407,-18.948432190827297,-16.658990064581307
