,A,D,E,F,G,H,I,L,M,P,Q,R,S,T,V,W,Y
A,2.374948175867252,-19.91757447960839,2.7115940131695786,-21.635848785111406,-22.404220948657446,-20.428400102479085,-20.168356433194997,-22.740797642557776,-21.134810609494274,-21.54808336607078,1.4377040181557093,-21.121832870509532,-21.280025956928323,-22.312400040785732,-20.76156731497914,-18.849054396920273,-21.442921885649493
D,-19.91757447960839,-18.692526817736727,-19.580928643868234,-21.10394829870013,-21.872320462095,-19.896499616728864,-19.636455947724826,1.4637024308831819,-20.602910123266355,-21.016182879685363,-21.873755816507458,-20.589932384287696,-20.74812547063752,-21.780499554235856,-20.22966682896173,-18.317153914802162,1.1521402753183405
E,2.7115940131695786,-19.580928643868234,-19.08303611538775,-21.2992029486361,-22.067575112095973,-20.09175426638059,-19.831710597256137,0.38224925076922495,-20.798164773123485,-21.211437529610215,-22.069010466508512,-20.78518703414221,-20.94338012052169,-21.975754204231425,-20.424921478728347,-18.512408562892134,2.085590115601659
F,-21.635848785111406,-21.10394829870013,-21.2992029486361,0.6272334300038226,-0.816640284393416,1.8346821133472695,-21.354730252631615,-0.47771542757195207,0.4351244253650033,1.12046395721349,-0.430256160477448,0.14885926954857354,-22.466399777176818,0.3445864599352691,0.11522053965938768,-20.03542821304059,-22.62929570595783
G,-22.404220948657446,-21.872320462095,-22.067575112095973,-0.816640284393416,1.3537320339876087,-22.383146085734214,-22.12310241610777,-2.632381952234996,-23.08955659333339,-0.2595002705096739,-0.517041966092606,1.2024523794164288,-0.30408137073375757,-0.018320595699198243,-22.716313298560912,-20.803800375735136,-1.3345061950228954
H,-20.428400102479085,-19.896499616728864,-20.09175426638059,1.8346821133472695,-22.383146085734214,2.348983614224452,-20.147281570304898,0.03658607541214187,1.6425731084643653,-21.52700850315292,-22.384581440146857,-21.10075800759663,-21.258951094013334,-22.29132517786288,-20.74049245207244,-18.827979534131853,-21.421847022732667
I,-20.168356433194997,-19.636455947724826,-19.831710597256137,-21.354730252631615,-22.12310241610777,-20.147281570304898,-19.19409072289752,1.3349752739421308,-20.853692077099247,-21.266964833602945,-22.12453777052033,-20.84071433811732,-20.998907424504228,-22.031281508241864,-20.48044878268143,-18.567935866425213,1.6245977035467964
L,-22.740797642557776,1.4637024308831819,0.38224925076922495,-0.47771542757195207,-2.632381952234996,0.03658607541214187,1.3349752739421308,1.041189541850543,0.036586075414613714,-1.0830971889926988,-2.633817306647882,-23.413155548267596,-0.4211354940646645,-2.522915414613756,0.07526821197043716,-21.140377069425,0.8289830497469877
M,-21.134810609494274,-20.602910123266355,-20.798164773123485,0.4351244253650033,-23.08955659333339,1.6425731084643653,-20.853692077099247,0.036586075414613714,2.0524205191387197,-22.233419010621652,-23.09099194774617,-21.807168514944838,-21.96536160141235,0.1816839073937616,1.732516633576541,-19.534390038456294,-22.128257530176256
P,-21.54808336607078,-21.016182879685363,-21.211437529610215,1.12046395721349,-0.2595002705096739,-21.52700850315292,-21.266964833602945,-1.0830971889926988,-22.233419010621652,1.5079269182707493,0.35657297969201246,-22.220441271631145,-0.14109096845480965,-23.411008442218797,0.8961331391388956,2.8387382625986017,-22.541530286894012
Q,1.4377040181557093,-21.873755816507458,-22.069010466508512,-0.430256160477448,-0.517041966092606,-22.384581440146857,-22.12453777052033,-2.633817306647882,-23.09099194774617,0.35657297969201246,1.3533248563392528,-23.078014208754,-0.5401651998995627,-0.01975595011206963,-0.6545869783570869,-20.805235730146727,-23.399103224052254
R,-21.121832870509532,-20.589932384287696,-20.78518703414221,0.14885926954857354,1.2024523794164288,-21.10075800759663,-20.84071433811732,-23.413155548267596,-21.807168514944838,-22.220441271631145,-23.078014208754,0.23839925642793983,0.08020617003375936,1.08174592607044,-21.433925220282955,-19.52141229950579,-22.115279791186065
S,-21.280025956928323,-20.74812547063752,-20.94338012052169,-22.466399777176818,-0.30408137073375757,-21.258951094013334,-20.998907424504228,-0.4211354940646645,-21.96536160141235,-0.14109096845480965,-0.5401651998995627,0.08020617003375936,2.194001452441557,0.45447784065155905,-21.59211830672808,-19.679605385536114,-22.273472877666705
T,-22.312400040785732,-21.780499554235856,-21.975754204231425,0.3445864599352691,-0.018320595699198243,-22.29132517786288,-22.031281508241864,-2.522915414613756,0.1816839073937616,-23.411008442218797,-0.01975595011206963,1.08174592607044,0.45447784065155905,0.9766526161642982,0.8248562457574432,-20.711979467934242,-23.305846961756448
V,-20.76156731497914,-20.22966682896173,-20.424921478728347,0.11522053965938768,-22.716313298560912,-20.74049245207244,-20.48044878268143,0.07526821197043716,1.732516633576541,0.8961331391388956,-0.6545869783570869,-21.433925220282955,-21.59211830672808,0.8248562457574432,-20.380512484818976,-19.161146745126896,-21.75501423547234
W,-18.849054396920273,-18.317153914802162,-18.512408562892134,-20.03542821304059,-20.803800375735136,-18.827979534131853,-18.567935866425213,-21.140377069425,-19.534390038456294,2.8387382625986017,-20.805235730146727,-19.52141229950579,-19.679605385536114,-20.711979467934242,-19.161146745126896,-16.5554867007578,-19.84250131391658
Y,-21.442921885649493,1.1521402753183405,2.085590115601659,-22.62929570595783,-1.3345061950228954,-21.421847022732667,1.6245977035467964,0.8289830497469877,-22.128257530176256,-22.541530286894012,-23.399103224052254,-22.115279791186065,-22.273472877666705,-23.305846961756448,-21.75501423547234,-19.84250131391658,1.7363266111781681
