,A,C,D,E,F,G,H,I,K,L,N,P,Q,R,S,T,V,W,Y
A,0.7080522868090309,-18.206858968789614,-20.46930718912509,0.28538081363273426,0.0857024414503889,-1.1301032834621048,-18.156012164078046,0.8724980233187289,-19.406331302219733,-23.90425448107424,-1.1291365902291397,0.1637300702416887,0.21292374000919553,-1.2630138346349558,-0.061375873785963334,0.5826694021221843,0.5097802979069755,-19.7198045587199,0.5025731390904227
C,-18.206858968789614,-12.585846550893462,-15.541438720805486,-18.16367004471107,-16.237115570574957,0.08037188775463158,-13.228145305253033,-17.010833166017257,-14.478463168777168,-18.976385841731116,-17.45195454027347,-16.85223508155673,-16.019535332096083,-17.49547282222259,1.9103548627017686,-18.5809849161122,-18.967951569443418,-14.791936287608971,-15.331708967548726
D,-20.46930718912509,-15.541438720805486,-17.1107396307277,-20.42611826455687,-18.499563722467798,0.09681247606701526,4.161528288087856,-19.27328136075737,-16.7409109385231,-21.238834068021976,2.5937204810198127,-19.114683269991,-18.28198346465612,-19.757921031054735,0.7534568282296368,-20.843433139910502,-21.230399795690747,-17.054384181592347,2.75111038963381
E,0.28538081363273426,-18.16367004471107,-20.42611826455687,2.06391611356476,-21.12179520288039,0.6301263180868073,-18.11282324002801,-21.895512845786754,-19.363142377759328,-23.861065556450956,-22.33663423453996,0.08147601585554429,-20.904214942985597,-0.2804328001737528,-23.593582598515674,-23.46566462807091,-23.852631284115038,-19.67661563421517,-20.21638847007702
F,0.0857024414503889,-16.237115570574957,-18.499563722467798,-21.12179520288039,-18.502093480882728,-21.887573117221653,-16.18626876984828,-19.968958297618684,-17.436587850631952,1.155589851631149,0.8406068832035349,-19.810360206485054,-18.97766039789595,-20.453597968736798,0.9699528807412001,-21.539110078464223,-21.926076734387102,-17.750061100937025,-18.289833929830316
G,-1.1301032834621048,0.08037188775463158,0.09681247606701526,0.6301263180868073,-21.887573117221653,1.380712602889094,-18.87860114744935,-22.661290760321506,-20.128920290374932,-24.626843471128183,-0.21440858815915229,-0.5713054916156635,0.6353422474117306,0.9980019430103064,-0.801035401636718,-2.5553908904657856,-3.414437289391625,-20.442393547391795,-20.982166383889254
H,-18.156012164078046,-13.228145305253033,4.161528288087856,-18.11282324002801,-16.18626876984828,-18.87860114744935,-12.484153306278177,-16.95998636279591,-14.427616390299985,-18.92553903667281,-17.40110773629017,-16.801388278702525,-15.968688532495007,-17.444626018180774,-18.658056080575264,-18.530138111199015,-18.917104764387645,-14.74108950189839,5.06440521827855
I,0.8724980233187289,-17.010833166017257,-19.27328136075737,-21.895512845786754,-19.968958297618684,-22.661290760321506,-16.95998636279591,-20.049528760162158,-18.210305479487527,-22.70822864982843,-21.183797328255157,0.6666087205166716,-19.751378038077515,-21.22731561129935,-2.592770877821915,-22.312827721493974,1.578189901780347,-18.523778733670927,-19.063551566958193
K,-19.406331302219733,-14.478463168777168,-16.7409109385231,-19.363142377759328,-17.436587850631952,-20.128920290374932,-14.427616390299985,-18.210305479487527,-14.984788125563028,-20.175858179805378,-18.651426863949187,-18.051707390109566,-17.21900759707692,3.3061064996065928,-19.908375222386955,-19.78045725224271,-20.167423907483734,-15.991408366542318,-16.531181156246525
L,-23.90425448107424,-18.976385841731116,-21.238834068021976,-23.861065556450956,1.155589851631149,-24.626843471128183,-18.92553903667281,-22.70822864982843,-20.175858179805378,1.616185651619546,-23.14935003864309,1.1586899532889967,-0.8864454029576123,-23.192868321710385,-0.49108522021706374,-24.278380432249033,-2.352236243542463,-20.489331436844598,-21.029104273367388
N,-1.1291365902291397,-17.45195454027347,2.5937204810198127,-22.33663423453996,0.8406068832035349,-0.21440858815915229,-17.40110773629017,-21.183797328255157,-18.651426863949187,-23.14935003864309,2.4156549139224666,-21.025199236864555,-20.19249942599848,0.032262339086367636,0.9756490253732061,-22.753949110284868,-23.14091576630755,-18.96490011931715,-19.50467295394647
P,0.1637300702416887,-16.85223508155673,-19.114683269991,0.08147601585554429,-19.810360206485054,-0.5713054916156635,-16.801388278702525,0.6666087205166716,-18.051707390109566,1.1586899532889967,-21.025199236864555,-19.732332577896265,-19.592779947032703,-21.06871751990413,-0.025487493681571907,-0.44038737657636984,-22.541196286018078,-18.36518064372219,-18.904953476362795
Q,0.21292374000919553,-16.019535332096083,-18.28198346465612,-20.904214942985597,-18.97766039789595,0.6353422474117306,-15.968688532495007,-19.751378038077515,-17.21900759707692,-0.8864454029576123,-20.19249942599848,-19.592779947032703,2.070405198323434,0.9243098985874999,-0.2891201813156075,1.0155411984418121,-21.708496474402146,-17.53248084563208,-18.072253672542793
R,-1.2630138346349558,-17.49547282222259,-19.757921031054735,-0.2804328001737528,-20.453597968736798,0.9980019430103064,-17.444626018180774,-21.22731561129935,3.3061064996065928,-23.192868321710385,0.032262339086367636,-21.06871751990413,0.9243098985874999,1.5978371373181595,0.21651644453465257,-22.79746739335034,-23.184434049374815,3.306106501577091,-19.548191236873492
S,-0.061375873785963334,1.9103548627017686,0.7534568282296368,-23.593582598515674,0.9699528807412001,-0.801035401636718,-18.658056080575264,-2.592770877821915,-19.908375222386955,-0.49108522021706374,0.9756490253732061,-0.025487493681571907,-0.2891201813156075,0.21651644453465257,1.3957659803021198,-0.6539142002932897,-24.397864130362027,-20.22184847928351,-20.761621315644664
T,0.5826694021221843,-18.5809849161122,-20.843433139910502,-23.46566462807091,-21.539110078464223,-2.5553908904657856,-18.530138111199015,-22.312827721493974,-19.78045725224271,-24.278380432249033,-22.753949110284868,-0.44038737657636984,1.0155411984418121,-22.79746739335034,-0.6539142002932897,1.9322349468944022,-3.8590064533852324,-20.093930509056317,-0.8523820630097273
V,0.5097802979069755,-18.967951569443418,-21.230399795690747,-23.852631284115038,-21.926076734387102,-3.414437289391625,-18.917104764387645,1.578189901780347,-20.167423907483734,-2.352236243542463,-23.14091576630755,-22.541196286018078,-21.708496474402146,-23.184434049374815,-24.397864130362027,-3.8590064533852324,1.5373471879832261,-20.480897164519014,-21.020670001037338
W,-19.7198045587199,-14.791936287608971,-17.054384181592347,-19.67661563421517,-17.750061100937025,-20.442393547391795,-14.74108950189839,-18.523778733670927,-15.991408366542318,-20.489331436844598,-18.96490011931715,-18.36518064372219,-17.53248084563208,3.306106501577091,-20.22184847928351,-20.093930509056317,-20.480897164519014,-15.611734495904852,-16.8446543959474
Y,0.5025731390904227,-15.331708967548726,2.75111038963381,-20.21638847007702,-18.289833929830316,-20.982166383889254,5.06440521827855,-19.063551566958193,-16.531181156246525,-21.029104273367388,-19.50467295394647,-18.904953476362795,-18.072253672542793,-19.548191236873492,-20.761621315644664,-0.8523820630097273,-21.020670001037338,-16.8446543959474,5.065805630969099
