,A,D,E,F,G,H,I,L,N,P,Q,R,S,T,V,W,Y
A,1.2709745638917707,-23.45901718565183,-22.346499901113187,-23.899113652086815,-0.39203679254890006,1.181128302491902,-21.882170057496477,-25.04726567408124,-21.322154123604918,-0.2332524299587698,0.7975194893208942,-23.219681536450953,0.27248273350130253,-22.91588607028152,-0.826324939128991,-19.509198806545548,-1.5976448740328153
D,-23.45901718565183,0.15777982360805967,-21.11482163533184,0.2801113673445308,-0.17715931967564508,0.26252193983365996,2.2109351464474636,0.92371881455724,0.2152013441600238,-22.773549039714165,0.636770784374143,-21.98800327039079,-23.00224269885633,-21.684207804292335,-22.26800926037108,-18.27752054845745,-1.0591137881395236
E,-22.346499901113187,-21.11482163533184,-19.309157173537653,-21.554918101549237,-21.162078706238518,0.2764269355050982,-19.53797450952314,-22.703070123274937,2.0208658047870727,2.161459813477344,-21.112138869855308,-20.875485986296223,-21.889725414394352,-20.571690520402413,1.5178706112153555,-17.165003287349403,-20.945420886645095
F,-23.899113652086815,0.2801113673445308,-21.554918101549237,-22.414384671867403,-22.714692456859343,-21.58186401688433,-21.09058825807321,0.8151954816306461,-0.22489512162770123,-23.21364550612642,-22.664752620450102,0.44555504194477774,0.12446279391690847,0.7493505080789148,0.8586962324416696,-18.717617010807288,0.37562014155017537
G,-0.39203679254890006,-0.17715931967564508,-21.162078706238518,-22.714692456859343,2.5200593094626544,-0.19020023892896135,-20.69774886288628,-2.1708729159696247,-20.137732929529232,-22.820806110646107,-22.271913224998958,-22.03526034131564,0.6263431102827,-21.73146487521256,-22.31526633129911,-18.324777618862708,-22.105195241704337
H,1.181128302491902,0.26252193983365996,0.2764269355050982,-21.58186401688433,-0.19020023892896135,-19.36304900401521,-19.564920424782827,-1.7311916559788525,1.9939198895926802,-21.687977670642173,1.722342153261551,-20.90243190162006,-21.91667132973274,-20.598636435718145,-21.18243789146513,-17.191949201762842,-20.972366801970477
I,-21.882170057496477,2.2109351464474636,-19.53797450952314,-21.09058825807321,-20.69774886288628,-19.564920424782827,1.9251797104700001,-22.23874027962326,-18.513628737503474,-21.196701911803988,2.213617911922926,-20.411156143070446,-21.42539557084513,-20.107360677356798,0.3076622498530837,-16.700673464359657,-20.48109104338504
L,-25.04726567408124,0.92371881455724,-22.703070123274937,0.8151954816306461,-2.1708729159696247,-1.7311916559788525,-22.23874027962326,0.940336490061071,-21.678724345661045,-24.361797528092765,-23.812904642375067,-0.7025969799540257,-0.6182241199722482,-23.272456292468952,-23.856257748682307,-19.865769027756564,-0.07938469985528689
N,-21.322154123604918,0.2152013441600238,2.0208658047870727,-0.22489512162770123,-20.137732929529232,1.9939198895926802,-18.513628737503474,-21.678724345661045,4.431505917209287,-20.636685978144417,-20.08779309320497,-19.85114020996898,-20.865379637089976,-19.547344744619444,-20.131146199434042,-16.14065757215589,1.483214380279902
P,-0.2332524299587698,-22.773549039714165,2.161459813477344,-23.21364550612642,-22.820806110646107,-21.687977670642173,-21.196701911803988,-24.361797528092765,-20.636685978144417,1.5161973626334677,-22.770866274236162,-22.534213390530553,-0.2247852701006337,-22.23041792438992,0.5522903873000329,-18.823730663859667,1.5817482715302982
Q,0.7975194893208942,0.636770784374143,-21.112138869855308,-22.664752620450102,-22.271913224998958,1.722342153261551,2.213617911922926,-23.812904642375067,-20.08779309320497,-22.770866274236162,1.3448285704360468,-21.9853205049132,-0.08788306899080602,-21.681525038815014,0.6463503694941459,-18.2748377830101,-22.05525540530096
R,-23.219681536450953,-21.98800327039079,-20.875485986296223,0.44555504194477774,-22.03526034131564,-20.90243190162006,-20.411156143070446,-0.7025969799540257,-19.85114020996898,-22.534213390530553,-21.9853205049132,2.171451524292171,0.11074772902752723,2.4752469906812893,-22.028673611210362,-18.03818490235928,-21.818602521631377
S,0.27248273350130253,-23.00224269885633,-21.889725414394352,0.12446279391690847,0.6263431102827,-21.91667132973274,-21.42539557084513,-0.6182241199722482,-20.865379637089976,-0.2247852701006337,-0.08788306899080602,0.11074772902752723,0.7448451418279133,-0.14837656043066316,-0.13123617529562157,2.273510904384461,0.040812828629430906
T,-22.91588607028152,-21.684207804292335,-20.571690520402413,0.7493505080789148,-21.73146487521256,-20.598636435718145,-20.107360677356798,-23.272456292468952,-19.547344744619444,-22.23041792438992,-21.681525038815014,2.4752469906812893,-0.14837656043066316,-20.447929509249743,1.8419238140869452,-17.734389441364566,-21.51480705555142
V,-0.826324939128991,-22.26800926037108,1.5178706112153555,0.8586962324416696,-22.31526633129911,-21.18243789146513,0.3076622498530837,-23.856257748682307,-20.131146199434042,0.5522903873000329,0.6463503694941459,-22.028673611210362,-0.13123617529562157,1.8419238140869452,1.258122357854816,-18.318190888828386,-22.098608511598936
W,-19.509198806545548,-18.27752054845745,-17.165003287349403,-18.717617010807288,-18.324777618862708,-17.191949201762842,-16.700673464359657,-19.865769027756564,-16.14065757215589,-18.823730663859667,-18.2748377830101,-18.03818490235928,2.273510904384461,-17.734389441364566,-18.318190888828386,-13.634556172311004,-18.108119801775985
Y,-1.5976448740328153,-1.0591137881395236,-20.945420886645095,0.37562014155017537,-22.105195241704337,-20.972366801970477,-20.48109104338504,-0.07938469985528689,1.483214380279902,1.5817482715302982,-22.05525540530096,-21.818602521631377,0.040812828629430906,-21.51480705555142,-22.098608511598936,-18.108119801775985,0.9020464290335326
