,A,D,E,I,L,P,Q,R,S,T,V,Y
A,-22.05190028915011,-18.44091055890715,-22.052434265633337,0.23531262870835265,-23.142216094206518,-22.45194661356269,-21.353334325249616,-22.39384746746748,1.1263434087587285,0.09011777865739841,-23.330965491717233,-19.134057734567225
D,-18.44091055890715,-13.443627898673489,-17.74829736461984,-19.16847811957731,-18.83807918036728,-18.147809706184674,-17.04919744379118,-18.08971056086472,-19.41098037699111,-20.058754371960138,-19.026828576760202,6.40054979128552
E,-22.052434265633337,-17.74829736461984,2.783073675953865,-22.780001831232322,1.693291848052567,-21.759333409663437,-20.660721121705024,-21.70123426357884,-23.022504089638016,-3.9551585943102436,-22.63835228771428,-18.441444535385283
I,0.23531262870835265,-19.16847811957731,-22.780001831232322,0.20089224353464824,-23.869783659896317,-23.17951417920674,-22.080901890710145,-23.121415033106043,-0.7347571954209688,0.1371766199577664,1.1058519237697337,-19.861625297770214
L,-23.142216094206518,-18.83807918036728,1.693291848052567,-23.869783659896317,0.6035100193946888,1.2937795000946384,2.392391788524085,-22.791016092078095,-0.662538360576083,-24.76005991504434,0.8086649076025004,-19.531226357633432
P,-22.45194661356269,-18.147809706184674,-21.759333409663437,-23.17951417920674,1.2937795000946384,1.98404898050307,-21.060233469370946,-22.10074661147151,0.72087830064992,-24.069790434329562,-23.037864635682286,-18.840956880175966
Q,-21.353334325249616,-17.04919744379118,-20.660721121705024,-22.080901890710145,2.392391788524085,-21.060233469370946,-19.26847400371255,-21.002134323307825,-22.323404149087974,-22.971178145731866,-21.939252347211788,-17.742344604645165
R,-22.39384746746748,-18.08971056086472,-21.70123426357884,-23.121415033106043,-22.791016092078095,-22.10074661147151,-21.002134323307825,2.4979021347825574,1.073390999182851,-24.01169128822584,-22.97976548958237,-18.782857734463075
S,1.1263434087587285,-19.41098037699111,-23.022504089638016,-0.7347571954209688,-0.662538360576083,0.72087830064992,-22.323404149087974,1.073390999182851,0.2744078820971619,-0.14403254951757963,-24.301035315840508,-20.10412755569373
T,0.09011777865739841,-20.058754371960138,-3.9551585943102436,0.1371766199577664,-24.76005991504434,-24.069790434329562,-22.971178145731866,-24.01169128822584,-0.14403254951757963,0.734609981302522,-24.94880931256733,-20.751901551548315
V,-23.330965491717233,-19.026828576760202,-22.63835228771428,1.1058519237697337,0.8086649076025004,-23.037864635682286,-21.939252347211788,-22.97976548958237,-24.301035315840508,-24.94880931256733,1.3130626906039167,-19.71997575459291
Y,-19.134057734567225,6.40054979128552,-18.441444535385283,-19.861625297770214,-19.531226357633432,-18.840956880175966,-17.742344604645165,-18.782857734463075,-20.10412755569373,-20.751901551548315,-19.71997575459291,5.707402611327751
