,A,D,E,G,H,L,N,P,Q,R,S,T,V,W
A,-0.606950553439509,2.3310653078242503,-22.967677832792607,-24.527221347569675,-21.05211841360444,-22.470356184748578,-21.74526559380451,-22.47842276981961,-22.562737930284687,-24.013118644401274,0.7061940108559008,1.2324530219278218,2.331065308085182,-21.490517343128392
D,2.3310653078242503,-14.828247666643957,-18.897356243264376,-20.45689975322193,-16.98179685941389,-18.400034599152228,-17.674944018893896,-18.40810118414264,-18.49241634380288,-19.94279705091583,-20.430370998147964,-19.904111987988475,-15.619249304871282,-17.42019577422943
E,-22.967677832792607,-18.897356243264376,-21.580170809996,1.4658816382834141,-20.357758571770795,-21.775996342368142,-21.050905751610117,-21.784062927437766,-21.868378087888832,-23.31875880188348,-23.80633274992902,-23.280073738872982,-18.995210898894467,-20.796157501038664
G,-24.527221347569675,-20.45689975322193,1.4658816382834141,0.8871673764576454,-21.917302085493326,-23.335539856953304,-22.61044926590177,-23.34360644202514,-23.427921602498316,0.5066026906723763,-25.36587626475361,-24.83961725367251,-20.554754409309094,-22.355701015165195
H,-21.05211841360444,-16.98179685941389,-20.357758571770795,-21.917302085493326,-17.74905198954191,-19.860436924587088,4.247837387596886,-19.86850350964048,-19.952818669929453,-21.4031993825136,-21.890773330392417,-21.36451431952014,-17.07965151169261,-18.8805980866204
L,-22.470356184748578,-18.400034599152228,-21.775996342368142,-23.335539856953304,-19.860436924587088,-20.58552751449457,-20.553584103962105,-21.286741279548497,2.7372178746900704,1.2868371608523637,-23.309011101846224,-22.782752090810632,-18.497889254409422,-20.298835853525365
N,-21.74526559380451,-17.674944018893896,-21.050905751610117,-22.61044926590177,4.247837387596886,-20.553584103962105,3.554690207106894,-20.561650689025015,-20.64596584940903,-22.09634656282022,-22.58392051079679,-22.05766149981677,-17.772798673137675,-19.573745264023664
P,-22.47842276981961,-18.40810118414264,-21.784062927437766,-23.34360644202514,-19.86850350964048,-21.286741279548497,-20.561650689025015,-20.601660684621063,-21.379123025049754,-22.82950373889068,1.4924103933688524,-22.79081867588204,-18.50595583940748,-20.306902438585514
Q,-22.562737930284687,-18.49241634380288,-21.868378087888832,-23.427921602498316,-19.952818669929453,2.7372178746900704,-20.64596584940903,-21.379123025049754,0.5972387697758598,1.2569815594561125,-23.40139284739106,-22.87513383635087,-18.59027099914405,-20.391217598941953
R,-24.013118644401274,-19.94279705091583,-23.31875880188348,0.5066026906723763,-21.4031993825136,1.2868371608523637,-22.09634656282022,-22.82950373889068,1.2569815594561125,0.8065806604126075,-3.5311273722705576,-24.325514550500092,-20.040651706921214,1.9799843412194131
S,0.7061940108559008,-20.430370998147964,-23.80633274992902,-25.36587626475361,-21.890773330392417,-23.309011101846224,-22.58392051079679,1.4924103933688524,-23.40139284739106,-3.5311273722705576,1.0869452853055088,-24.8130884985639,-20.528225654231857,-22.329172260061394
T,1.2324530219278218,-19.904111987988475,-23.280073738872982,-24.83961725367251,-21.36451431952014,-22.782752090810632,-22.05766149981677,-22.79081867588204,-22.87513383635087,-24.325514550500092,-24.8130884985639,1.6132042963610058,-20.001966643985835,-21.802913249112635
V,2.331065308085182,-15.619249304871282,-18.995210898894467,-20.554754409309094,-17.07965151169261,-18.497889254409422,-17.772798673137675,-18.50595583940748,-18.59027099914405,-20.040651706921214,-20.528225654231857,-20.001966643985835,-15.023956914499102,-17.518050427903074
W,-21.490517343128392,-17.42019577422943,-20.796157501038664,-22.355701015165195,-18.8805980866204,-20.298835853525365,-19.573745264023664,-20.306902438585514,-20.391217598941953,1.9799843412194131,-22.329172260061394,-21.802913249112635,-17.518050427903074,-18.625849837671602
