,A,D,F,G,H,I,K,L,N,P,Q,R,S,T,V
A,0.7825074421408845,0.7603478106774169,-21.50934835445532,-21.355525316851377,0.578294277861244,-0.34358493523847705,-22.919871716877893,0.4952137610390502,-22.104593428059307,-22.451242602587083,0.4971856456829581,-22.656463297727672,0.4996304277338683,1.1162561679838126,-23.781166544128855
D,0.7603478106774169,3.471497693728796,-19.786866962460387,-19.633043925204838,-20.842774369256002,-22.310201543616603,-21.19739032329906,-21.136436852685538,2.7430310804664804,-20.728761209313877,-20.923883001377504,-20.933981904302907,-22.373311614054778,-20.605232487058874,-22.058685150254835
F,-21.50934835445532,-19.786866962460387,3.508892711505207,-19.766265468619153,-20.975995912930696,-22.443423087376466,-21.3306118670068,2.1593228232102164,-20.515333578734484,-20.861982752975205,-21.057104545060824,-21.067203447987254,-22.5065331578162,-20.738454030703895,-22.1919066940074
G,-21.355525316851377,-19.633043925204838,-19.766265468619153,3.512700681272287,-20.82217287538014,-22.28960004972653,-21.176788829417685,-21.11583535880498,-20.361510541259495,-20.708159715440246,-20.903281507500203,-20.913380410425436,1.0528664814095396,-20.584630993187968,-22.03808365636598
H,0.578294277861244,-20.842774369256002,-20.975995912930696,-20.82217287538014,-21.338756140593485,-23.499330495718745,-22.38651927511056,-22.325565804469832,-21.57124098639067,2.0072251923584306,1.0305380874256462,1.401221140941389,-0.41889052568714813,1.3491886019578376,-23.24781410231629
I,-0.34358493523847705,-22.310201543616603,-22.443423087376466,-22.28960004972653,-23.499330495718745,0.5628186916364479,1.1678796890982222,-23.792992979358242,-23.03866816110452,-23.38531733567698,-23.580439127904526,0.7381409277224258,-25.029867741164033,-23.261788613300393,0.8050517244817907
K,-22.919871716877893,-21.19739032329906,-21.3306118670068,-21.176788829417685,-22.38651927511056,1.1678796890982222,1.182078621011285,-22.68018175871768,-21.92585694057079,-22.272506115084163,-22.46762790728643,1.4454870402471236,-23.91705652045615,-22.148977392726326,-23.602430056600365
L,0.4952137610390502,-21.136436852685538,2.1593228232102164,-21.11583535880498,-22.325565804469832,-23.792992979358242,-22.68018175871768,1.8590933122400493,-21.86490346993703,-22.211552644444872,-22.406674436644774,-22.416773339576533,0.4598980142651711,0.6478101170167024,-23.541476585951255
N,-22.104593428059307,2.7430310804664804,-20.515333578734484,-20.361510541259495,-21.57124098639067,-23.03866816110452,-21.92585694057079,-21.86490346993703,2.3184025669959585,-21.457227826393105,-21.652349618547937,-21.662448521477597,0.9632348637607202,-21.33369910407045,-22.78715176771249
P,-22.451242602587083,-20.728761209313877,-20.861982752975205,-20.708159715440246,2.0072251923584306,-23.38531733567698,-22.272506115084163,-22.211552644444872,-21.457227826393105,2.121238352072447,-21.99899879303363,-22.009097695964446,0.5930064412874588,-21.680348278512728,-23.133800942276675
Q,0.4971856456829581,-20.923883001377504,-21.057104545060824,-20.903281507500203,1.0305380874256462,-23.580439127904526,-22.46762790728643,-22.406674436644774,-21.652349618547937,-21.99899879303363,1.7136207998772937,-22.20421948815537,-0.4999991578732271,1.2680799697938967,0.5788186507889893
R,-22.656463297727672,-20.933981904302907,-21.067203447987254,-20.913380410425436,1.401221140941389,0.7381409277224258,1.4454870402471236,-22.416773339576533,-21.662448521477597,-22.009097695964446,-22.20421948815537,1.3100136056742389,-23.653648101284784,-21.885568973615026,-23.339021637433568
S,0.4996304277338683,-22.373311614054778,-22.5065331578162,1.0528664814095396,-0.41889052568714813,-25.029867741164033,-23.91705652045615,0.4598980142651711,0.9632348637607202,0.5930064412874588,-0.4999991578732271,-23.653648101284784,0.9357729708042394,0.3285772310300151,-24.778351347747623
T,1.1162561679838126,-20.605232487058874,-20.738454030703895,-20.584630993187968,1.3491886019578376,-23.261788613300393,-22.148977392726326,0.6478101170167024,-21.33369910407045,-21.680348278512728,1.2680799697938967,-21.885568973615026,0.3285772310300151,0.538124413862361,-23.010272219902713
V,-23.781166544128855,-22.058685150254835,-22.1919066940074,-22.03808365636598,-23.24781410231629,0.8050517244817907,-23.602430056600365,-23.541476585951255,-22.78715176771249,-23.133800942276675,0.5788186507889893,-23.339021637433568,-24.778351347747623,-23.010272219902713,1.235775970583305
