,A,D,E,F,G,I,K,L,M,N,P,Q,R,S,T,V,Y
A,0.3434906664674203,-22.9387759973323,-21.413886510601895,0.521284504490278,-0.2769158157117528,-22.399866671896916,0.3316799043497592,0.24175441686536636,-0.014785341108327275,-0.6848668565357194,0.4768789421030647,-22.376785635299882,-22.320109733934668,0.3609672892290195,1.1999918227177107,-0.11992571126980435,0.10925471208363702
D,-22.9387759973323,1.6710430214964915,-20.654582159977608,-20.211213766343867,-23.77912245898846,-21.640562320915386,1.2099352009062736,1.5051360308412944,-21.036293403909294,1.3119656595623737,1.1141577750231964,-21.617481284323315,-21.560805382970788,-1.0566435064425213,-22.217319594413716,-23.107110879139913,-21.784731161346226
E,-21.413886510601895,-20.654582159977608,-18.436545501066597,-18.686324285219705,1.2495539608488797,-20.115672835229223,-20.422542800459855,-20.127341970887745,-19.511403919415226,-21.43908956057109,-20.171592491598595,-20.092591798670693,-20.035915897403882,0.46824598037012705,-20.692430108097998,-21.58222139234875,-20.259841675467214
F,0.521284504490278,-20.211213766343867,-18.686324285219705,-17.54980872665121,-0.31906195678397903,-19.67230444202226,-19.979174406982192,-19.683973577668898,-19.06803552705842,-20.995721166612455,-19.728224098335918,-19.649223405487646,-19.592547504281967,-21.20587819756968,-20.24906171444206,1.739243983558878,-19.816473282122715
G,-0.2769158157117528,-23.77912245898846,1.2495539608488797,-0.31906195678397903,0.7703710516384684,-23.24021313350879,-0.5086665572902045,-0.5985920447477396,-22.635944216238045,-1.525213318225595,-0.6428425655336868,0.8425089655194545,-23.160456195537716,0.3008021868133918,-23.816970407146883,-0.5149265108951422,-0.7310917495425078
I,-22.399866671896916,-21.640562320915386,-20.115672835229223,-19.67230444202226,-23.24021313350879,3.205792541320423,-21.408522961222257,-21.113322131359336,3.116914278214707,-22.425069721873935,-21.15757265211943,-21.078571959102053,-21.021896057766554,-22.63522675294094,-21.678410269060716,-22.568201553692457,-21.245821836079987
K,0.3316799043497592,1.2099352009062736,-20.422542800459855,-19.979174406982192,-0.5086665572902045,-21.408522961222257,-21.022245746615727,0.6385631020428776,-20.804254044302777,0.5303213152588784,0.8808267437877955,-21.385441924632623,-21.328766023286324,0.5017849313706207,0.35998912677702094,-22.8750715193665,-21.552691801639085
L,0.24175441686536636,1.5051360308412944,-20.127341970887745,-19.683973577668898,-0.5985920447477396,-21.113322131359336,0.6385631020428776,-20.431844087140522,-20.509053214583478,0.31516352181589974,1.484048436648198,-21.09024109477374,-21.03356519343777,-22.646895888619046,-21.690079404736075,-0.39796954237076904,1.3957992526870067
M,-0.014785341108327275,-21.036293403909294,-19.511403919415226,-19.06803552705842,-22.635944216238045,3.116914278214707,-20.804254044302777,-20.509053214583478,-19.199967984354426,-21.820800804687547,-20.55330373531925,-20.47430304234606,-20.417627141044488,-22.030957835725868,1.8052833500003307,-21.963932636485886,-20.641552919234403
N,-0.6848668565357194,1.3119656595623737,-21.43908956057109,-20.995721166612455,-1.525213318225595,-22.425069721873935,0.5303213152588784,0.31516352181589974,-21.820800804687547,1.266866198467082,-22.48098937833324,-22.40198868527679,0.5245025771705585,0.22026045404596392,-23.00182699546748,-23.89161828026558,0.8064063765065127
P,0.4768789421030647,1.1141577750231964,-20.171592491598595,-19.728224098335918,-0.6428425655336868,-21.15757265211943,0.8808267437877955,1.484048436648198,-20.55330373531925,-22.48098937833324,1.5971474433441717,-21.134491615533154,-21.07781571419543,-1.8632660024389172,0.6109394359428528,-22.624121210153085,1.3515487319229775
Q,-22.376785635299882,-21.617481284323315,-20.092591798670693,-19.649223405487646,0.8425089655194545,-21.078571959102053,-21.385441924632623,-21.09024109477374,-20.47430304234606,-22.40198868527679,-21.134491615533154,-20.362343742674398,2.347622383744834,-0.49841480275618044,-21.6553292324683,-22.545120517094748,1.4305494249475041
R,-22.320109733934668,-21.560805382970788,-20.035915897403882,-19.592547504281967,-23.160456195537716,-21.021896057766554,-21.328766023286324,-21.03356519343777,-20.417627141044488,0.5245025771705585,-21.07781571419543,2.347622383744834,2.404298284346087,-22.555469814975435,-21.59865333111489,-22.488444615727804,2.1803725067758624
S,0.3609672892290195,-1.0566435064425213,0.46824598037012705,-21.20587819756968,0.3008021868133918,-22.63522675294094,0.5017849313706207,-22.646895888619046,-22.030957835725868,0.22026045404596392,-1.8632660024389172,-0.49841480275618044,-22.555469814975435,0.6278390630611632,0.16366091229082314,-1.9198741643594972,-22.779395593405585
T,1.1999918227177107,-22.217319594413716,-20.692430108097998,-20.24906171444206,-23.816970407146883,-21.678410269060716,0.35998912677702094,-21.690079404736075,1.8052833500003307,-23.00182699546748,0.6109394359428528,-21.6553292324683,-21.59865333111489,0.16366091229082314,1.9224947314123013,-23.14495882729666,-21.82257910949355
V,-0.11992571126980435,-23.107110879139913,-21.58222139234875,1.739243983558878,-0.5149265108951422,-22.568201553692457,-22.8750715193665,-0.39796954237076904,-21.963932636485886,-23.89161828026558,-22.624121210153085,-22.545120517094748,-22.488444615727804,-1.9198741643594972,-23.14495882729666,1.7903882714552444,-22.71237039415573
Y,0.10925471208363702,-21.784731161346226,-20.259841675467214,-19.816473282122715,-0.7310917495425078,-21.245821836079987,-21.552691801639085,1.3957992526870067,-20.641552919234403,0.8064063765065127,1.3515487319229775,1.4305494249475041,2.1803725067758624,-22.779395593405585,-21.82257910949355,-22.71237039415573,-20.6968434964383
