,A,C,E,F,G,H,K,L,M,N,P,Q,R,S,T,V,Y
A,0.08856907200462899,-0.8646275342902529,0.2560885890411266,-0.4360021687264581,0.8284110282627642,-0.7433763463179185,-0.09187899211023483,-0.8350361914011543,0.24789182189655493,-23.009265133217273,0.766914212532011,-0.17192587418458388,0.15730069634796265,-0.04662822453161921,0.33126181302302854,0.7616371556118376,-2.6455855912595365
C,-0.8646275342902529,-16.891549443439068,-19.026007778785885,-20.04433346737238,-20.23546343702115,-20.025472710882003,-20.067122537042373,2.0813864998604226,-21.231429118468924,-20.09284244212253,-18.255739933764556,0.7295937977688471,-19.99430538933126,-0.7390710117746451,0.3052438913703427,0.6335374082995054,0.2708370979354247
E,0.2560885890411266,-19.026007778785885,-19.77417179081993,-0.385737894012411,-21.676774631247383,-0.36687713749337675,0.28462021650054475,-0.532853954972136,0.6243910305713762,-21.534153636158173,-19.69705112023139,0.20457333451081883,0.357437364322793,-0.023819996309540865,0.3273477286088347,-20.444265520592936,-20.806965832254285
F,-0.4360021687264581,-20.04433346737238,-0.385737894012411,0.6900345851722485,-0.5737019383171976,1.1107163822052404,-0.733705475281816,-0.4525673585778866,-0.3939346614113725,-22.552479327947932,-0.3857378937575909,-0.11618558823707077,-0.18110624699215738,-0.8339577907666085,-0.4827900655186393,-0.4398051152385563,1.9283292025273773
G,0.8284110282627642,-20.23546343702115,-21.676774631247383,-0.5737019383171976,1.9542681286745451,-22.67623956654961,-22.717889392786162,-22.84221638407939,-23.882195975444866,-22.743609297911807,1.9080387848551372,-23.714227006646027,-0.5236738601820643,-0.21178404048707583,0.139383684644587,1.85397156396129,-22.01642149367447
H,-0.7433763463179185,-20.025472710882003,-0.36687713749337675,1.1107163822052404,-22.67623956654961,0.7241120305598339,-0.7148447187570349,0.4135912582037672,-0.37507390488443404,-22.53361857142307,-20.69651605401378,0.4314859536144098,0.051119609475385776,-0.6178198236498028,-0.6721172063353998,-21.443730455303417,1.0998920987261642
K,-0.09187899211023483,-20.067122537042373,0.28462021650054475,-0.733705475281816,-22.717889392786162,-0.7148447187570349,1.6260473039686227,-0.8808215362828337,0.2764234493971905,-22.575268397658736,-20.73816588021422,-0.14339424667701933,0.5414585467449234,-0.37178757749250974,-0.020619852346580387,-21.485380281525906,-21.848080593447392
L,-0.8350361914011543,2.0813864998604226,-0.532853954972136,-0.4525673585778866,-22.84221638407939,0.4135912582037672,-0.8808215362828337,0.6042893845273446,-0.4356902067776888,0.8170727616160804,-20.86249287140817,0.6485694938537842,-0.11485720804847378,-0.4398654979641847,-0.03544487575431882,-1.9732155350931622,-2.335915847031245
M,0.24789182189655493,-21.231429118468924,0.6243910305713762,-0.3939346614113725,-23.882195975444866,-0.37507390488443404,0.2764234493971905,-0.4356902067776888,0.498411227764608,-23.73957498030309,-21.902472462288827,0.1963765673344839,0.3492405972500892,-0.03201676352059376,0.424511477291935,-22.649686863957193,-23.012387175976333
N,-23.009265133217273,-20.09284244212253,-21.534153636158173,-22.552479327947932,-22.743609297911807,-22.53361857142307,-22.575268397658736,0.8170727616160804,-23.73957498030309,2.7074393168160613,-20.7638857853183,-23.57160601150544,-22.50245124981389,-22.883708610548208,-21.839393705008344,-21.511100186643155,-21.873800498568247
P,0.766914212532011,-18.255739933764556,-19.69705112023139,-0.3857378937575909,1.9080387848551372,-20.69651605401378,-20.73816588021422,-20.86249287140817,-21.902472462288827,-20.7638857853183,1.4028556401051502,-21.734503493538465,-0.3357098156670234,-0.02381999630017028,0.32734772830048536,2.041935606001962,-20.036697981965858
Q,-0.17192587418458388,0.7295937977688471,0.20457333451081883,-0.11618558823707077,-23.714227006646027,0.4314859536144098,-0.14339424667701933,0.6485694938537842,0.1963765673344839,-23.57160601150544,-21.734503493538465,0.3418726802796269,0.11174445795770357,-0.04636935150707158,-0.1006667344119759,-22.48171789517723,-1.036707629685952
R,0.15730069634796265,-19.99430538933126,0.357437364322793,-0.18110624699215738,-0.5236738601820643,0.051119609475385776,0.5414585467449234,-0.11485720804847378,0.3492405972500892,-22.50245124981389,-0.3357098156670234,0.11174445795770357,-0.6108602491475492,0.02093331255596077,0.16169926334683227,-0.3897770371207746,-21.775263445615224
S,-0.04662822453161921,-0.7390710117746451,-0.023819996309540865,-0.8339577907666085,-0.21178404048707583,-0.6178198236498028,-0.37178757749250974,-0.4398654979641847,-0.03201676352059376,-22.883708610548208,-0.02381999630017028,-0.04636935150707158,0.02093331255596077,1.322443234485919,-0.031056345017083542,0.039895818055083236,-2.520029068605017
T,0.33126181302302854,0.3052438913703427,0.3273477286088347,-0.4827900655186393,0.139383684644587,-0.6721172063353998,-0.020619852346580387,-0.03544487575431882,0.424511477291935,-21.839393705008344,0.32734772830048536,-0.1006667344119759,0.16169926334683227,-0.031056345017083542,-20.384651927573742,0.49642405853734556,-1.4757141632921242
V,0.7616371556118376,0.6335374082995054,-20.444265520592936,-0.4398051152385563,1.85397156396129,-21.443730455303417,-21.485380281525906,-1.9732155350931622,-22.649686863957193,-21.511100186643155,2.041935606001962,-22.48171789517723,-0.3897770371207746,0.039895818055083236,0.49642405853734556,1.700186312553727,-1.1474206450630342
Y,-2.6455855912595365,0.2708370979354247,-20.806965832254285,1.9283292025273773,-22.01642149367447,1.0998920987261642,-21.848080593447392,-2.335915847031245,-23.012387175976333,-21.873800498568247,-20.036697981965858,-1.036707629685952,-21.775263445615224,-2.520029068605017,-1.4757141632921242,-1.1474206450630342,2.6070080311337818
