,A,C,D,E,G,H,K,L,N,P,Q,R,S,T,Y
A,1.083661543501578,-21.02727745620802,-3.7850752966576953,1.1496230562728125,-1.5028144051287256,-23.052595593138285,-5.0538275719497046,-26.116109748724437,-19.08406038250051,0.3562712145842286,-1.8413357515109143,-0.9713434547343457,-22.853902126527995,-1.2175493272119977,-21.64721922443413
C,-21.02727745620802,-15.536652642576069,1.5727638329739106,-18.053176452622655,1.50225255322321,-18.255117793645574,-15.576153961515395,-21.318631938075328,-14.286583190485938,-19.006924411933326,-12.363666206316472,0.23518887262085716,-0.07403267901005178,-17.971189470186804,-16.849741460952913
D,-3.7850752966576953,1.5727638329739106,-1.3251193423509173,-19.45541108815946,1.4875014302967995,-2.0021736857838577,-16.978388478309842,-22.720866584084472,-15.688817366193216,-20.409159054163073,-13.765897632612552,-18.456290229771515,0.8904928473739655,-19.37342410479332,1.6004272325101223
E,1.1496230562728125,-18.053176452622655,-19.45541108815946,-19.18340605619254,-1.4731523664830168,-20.078494577657704,-17.39953061125219,-23.14200873152015,-16.109959460877608,0.22553712610733634,-14.18703941890939,-18.877432373937026,-19.879801111444866,-19.794566250950023,-18.673118214517462
G,-1.5028144051287256,1.50225255322321,1.4875014302967995,-1.4731523664830168,1.3949540471024067,-22.730932037398745,-0.2323545660868156,-25.79444619294968,-18.76239682867845,-2.4269003345697837,-16.83947623935041,-0.12822770052567756,0.7903151580877901,-22.447003710109495,-21.32555566880826
H,-23.052595593138285,-18.255117793645574,-2.0021736857838577,-20.078494577657704,-22.730932037398745,-2.625257155639762,-17.601471949838977,0.8819308773113349,-16.31190078610612,0.19790613482292504,-14.388980636460238,-19.079373716442532,-2.426563709293961,-19.99650759415078,1.6704909262189522
K,-5.0538275719497046,-15.576153961515395,-16.978388478309842,-17.39953061125219,-0.2323545660868156,-17.601471949838977,6.442300527172809,-20.66498608389091,-13.632937911762511,-18.35327856237338,5.2192174731823,0.42347145981292666,-17.402778488194077,1.1803140177222717,-16.19609565064464
L,-26.116109748724437,-21.318631938075328,-22.720866584084472,-23.14200873152015,-25.79444619294968,0.8819308773113349,-20.66498608389091,0.8630467429601363,-19.37541486325238,0.22553712628182734,-17.45249425490427,-22.142887867188026,-23.145256608551776,-23.06002174785802,-21.938573706387604
N,-19.08406038250051,-14.286583190485938,-15.688817366193216,-16.109959460877608,-18.76239682867845,-16.31190078610612,-13.632937911762511,-19.37541486325238,-11.650227024583979,-17.06370736709265,-10.420474673370046,-15.11083876938379,4.220559556154266,-16.027972485821838,-14.906524670596292
P,0.3562712145842286,-19.006924411933326,-20.409159054163073,0.22553712610733634,-2.4269003345697837,0.19790613482292504,-18.35327856237338,0.22553712628182734,-17.06370736709265,-1.5084183003543257,-15.140786963147383,1.912573479470515,-20.833549078203838,-0.6923660606378491,-19.62686617792958
Q,-1.8413357515109143,-12.363666206316472,-13.765897632612552,-14.18703941890939,-16.83947623935041,-14.388980636460238,5.2192174731823,-17.45249425490427,-10.420474673370046,-15.140786963147383,9.306778406234882,-13.187919737839431,-14.190287293704944,2.601045730568171,-12.983606001583214
R,-0.9713434547343457,0.23518887262085716,-18.456290229771515,-18.877432373937026,-0.12822770052567756,-19.079373716442532,0.42347145981292666,-22.142887867188026,-15.11083876938379,1.912573479470515,-13.187919737839431,4.074503501680621,0.35447435707284636,2.0847445396732462,-17.673997363363423
S,-22.853902126527995,-0.07403267901005178,0.8904928473739655,-19.879801111444866,0.7903151580877901,-2.426563709293961,-17.402778488194077,-23.145256608551776,4.220559556154266,-20.833549078203838,-14.190287293704944,0.35447435707284636,3.465318659477762,-19.79781412797373,1.1760372120897502
T,-1.2175493272119977,-17.971189470186804,-19.37342410479332,-19.794566250950023,-22.447003710109495,-19.99650759415078,1.1803140177222717,-23.06002174785802,-16.027972485821838,-0.6923660606378491,2.601045730568171,2.0847445396732462,-19.79781412797373,4.1410769571235795,-18.591131231511525
Y,-21.64721922443413,-16.849741460952913,1.6004272325101223,-18.673118214517462,-21.32555566880826,1.6704909262189522,-16.19609565064464,-21.938573706387604,-14.906524670596292,-19.62686617792958,-12.983606001583214,-17.673997363363423,1.1760372120897502,-18.591131231511525,5.215933412388149
