,A,D,E,F,G,H,L,M,N,P,Q,R,S,T,V,Y
A,0.16502703208020736,-21.40022103751002,0.23394558751551914,-21.50996347982327,-0.6033626645524476,1.245546498737219,0.29575605014904766,0.018236914472487428,-1.0102502544794505,1.1992687802506659,1.022402947139531,-20.646609878916287,0.25934536538042646,-0.047745177245725474,0.7176513405790873,0.23394558751551914
D,-21.40022103751002,-19.04680832303807,-20.41037851279689,-19.84969794301294,-0.3360371370611071,-19.395015945161205,-21.782147665403574,1.5537512641446054,0.529025754128389,-20.94909045811716,-18.84720789873288,3.1934941050036234,-21.646137626752754,-21.09684114411884,2.1259898356282703,-20.41037851279689
E,0.23394558751551914,-20.41037851279689,-20.38765434544646,-20.52012095502084,0.20478426543897096,-20.065438956495456,-22.452570678412226,1.0080794396906165,-22.32123570862613,-21.619513470905485,-19.517630908722122,-19.65676735516947,0.6811761786757548,0.537325480994681,-21.24721631157923,1.2237881126483763
F,-21.50996347982327,-19.84969794301294,-20.52012095502084,-19.266293206716565,-23.14856271401189,-19.504758387134977,-21.89189010773359,-20.735829627876566,2.3812492018025733,-21.0588329004003,-18.956950340420487,-19.096086786541758,-21.755880069077524,-21.20658358641337,-20.686535741212445,-20.52012095502084
G,-0.6033626645524476,-0.3360371370611071,0.20478426543897096,-23.14856271401189,0.5575203101295519,-0.3930527352401932,-25.081012438375478,-0.010924407644696429,-2.648849488974388,-24.2479552306547,-22.146072665752133,-22.285209112601862,-0.0016236534208824791,0.5375666619409151,-1.172874936562676,0.20478426543897096
H,1.245546498737219,-19.395015945161205,-20.065438956495456,-19.504758387134977,-0.3930527352401932,-18.356929214620447,-21.437208108681784,-20.281147629214328,0.994954840652374,-20.60415090158114,-18.50226834455702,-18.641404790240916,0.9996299095401137,-20.75190158753768,-20.231853742578927,-20.065438956495456
L,0.29575605014904766,-21.782147665403574,-22.452570678412226,-21.89189010773359,-25.081012438375478,-21.437208108681784,1.5891808186044512,-22.66827935147127,-23.69300486210235,1.440033810329438,0.6404763194785682,-21.028536506628416,-0.06656861184707076,-23.139033310325168,1.1191837892576604,-22.452570678412226
M,0.018236914472487428,1.5537512641446054,1.0080794396906165,-20.735829627876566,-0.010924407644696429,-20.281147629214328,-22.66827935147127,-20.819071691143233,-0.35710593191069373,-21.835222143919765,-19.733339581167744,2.3073624220704065,0.4654675056217285,0.3216168079695243,-21.46292498455779,1.0080794396906165
N,-1.0102502544794505,0.529025754128389,-22.32123570862613,2.3812492018025733,-2.648849488974388,0.994954840652374,-23.69300486210235,-0.35710593191069373,1.9664288085152242,-22.859947654431647,-20.75806509016526,1.2826369128488004,-1.2561668438165832,-23.007698340526705,-22.48765049497456,-22.32123570862613
P,1.1992687802506659,-20.94909045811716,-21.619513470905485,-21.0588329004003,-24.2479552306547,-20.60415090158114,1.440033810329438,-21.835222143919765,-22.859947654431647,0.8335938634406244,2.16668070645146,-20.195479299849236,-0.4862743725342841,-22.305976102703855,1.2058910229782134,-21.619513470905485
Q,1.022402947139531,-18.84720789873288,-19.517630908722122,-18.956950340420487,-22.146072665752133,-18.50226834455702,0.6404763194785682,-19.733339581167744,-20.75806509016526,2.16668070645146,-17.2613131374781,-18.093596746909096,-20.75339002127943,-20.20409353906493,1.8458306847462562,-19.517630908722122
R,-20.646609878916287,3.1934941050036234,-19.65676735516947,-19.096086786541758,-22.285209112601862,-18.641404790240916,-21.028536506628416,2.3073624220704065,1.2826369128488004,-20.195479299849236,-18.093596746909096,-17.539586023496412,-20.89252646803443,-20.343229985727667,-19.823182141103533,-19.65676735516947
S,0.25934536538042646,-21.646137626752754,0.6811761786757548,-21.755880069077524,-0.0016236534208824791,0.9996299095401137,-0.06656861184707076,0.4654675056217285,-1.2561668438165832,-0.4862743725342841,-20.75339002127943,-20.89252646803443,0.13856424439495943,0.4001786548495325,-0.8071243934445187,0.6811761786757548
T,-0.047745177245725474,-21.09684114411884,0.537325480994681,-21.20658358641337,0.5375666619409151,-20.75190158753768,-23.139033310325168,0.3216168079695243,-23.007698340526705,-22.305976102703855,-20.20409353906493,-20.343229985727667,0.4001786548495325,-0.8443654971536768,-21.933678943286175,0.537325480994681
V,0.7176513405790873,2.1259898356282703,-21.24721631157923,-20.686535741212445,-1.172874936562676,-20.231853742578927,1.1191837892576604,-21.46292498455779,-22.48765049497456,1.2058910229782134,1.8458306847462562,-19.823182141103533,-0.8071243934445187,-21.933678943286175,0.8093924615266204,-21.24721631157923
Y,0.23394558751551914,-20.41037851279689,1.2237881126483763,-20.52012095502084,0.20478426543897096,-20.065438956495456,-22.452570678412226,1.0080794396906165,-22.32123570862613,-21.619513470905485,-19.517630908722122,-19.65676735516947,0.6811761786757548,0.537325480994681,-21.24721631157923,-20.38765434544646
