,A,D,E,F,G,H,I,K,L,M,N,P,R,S,T,V,W,Y
A,0.3970213430173356,-0.5718058268806779,0.30049715444873987,0.8144595468528434,1.1846722746146705,-18.938319169413464,-22.033850339254236,-0.04318008031852252,-0.22699394100729509,-0.06907173726109778,-23.161379041121812,1.3991902189575665,-1.176462410529682,-0.6018977722325807,-21.973623885935687,-0.18810122394935078,-20.786994141735644,-21.63941012616985
D,-0.5718058268806779,0.8568195154205069,-20.48837343645859,0.7108158755140825,0.48614688511201454,-18.202841013216542,-21.29837217687568,0.6922980822284855,-0.030425650250832586,-21.91407975097853,1.4447046982933232,-21.513754698868098,-22.594071606144052,-22.01950696790921,-21.238145723575318,-1.6449248863549895,-20.051515980083504,0.4744421356926915
E,0.30049715444873987,-20.48837343645859,-19.068897931515863,0.4079237404152481,-21.297079167081616,-17.47651269814162,-20.57204384912851,1.4148647519571687,0.6959026778491058,0.9653359352504851,-21.699572550391867,-20.787426371004546,-21.86774327796066,-21.29317863985344,-20.511817395865428,0.3259903835492692,-19.325187653825477,-20.17760363647622
F,0.8144595468528434,0.7108158755140825,0.4079237404152481,1.8678021200058177,-22.574876243562407,-18.754309756485256,0.17849524484787627,-22.705405204855523,-0.5818943986918096,0.3806860392569122,-22.977369627007313,1.0087878809586521,-23.14554035461817,0.2148273254198332,-21.789614471861405,-23.574767734477547,-20.602984727793057,1.7166926782456695
G,1.1846722746146705,0.48614688511201454,-21.297079167081616,-22.574876243562407,1.3345870594760287,-19.011546737645567,-22.107077907888083,-0.11640764896331678,0.7582105482725254,-0.5696981239286666,-0.4916569080513852,-22.32246042994096,-1.249689979177358,0.4234869476323317,-22.04685145456835,-0.951472861928607,-20.860221710322282,-21.712637694794488
H,-18.938319169413464,-18.202841013216542,-17.47651269814162,-18.754309756485256,-19.011546737645567,-14.497833562905397,-18.286511424989968,-19.142075698280156,-19.171652250184515,-18.902218994093946,2.343534148304265,-18.501893944875512,-19.582210846361185,-19.007646210436832,-18.22628497236458,-20.011438225159168,-17.03965525515671,-17.892071217305034
I,-22.033850339254236,-21.29837217687568,-20.57204384912851,0.17849524484787627,-22.107077907888083,-18.286511424989968,1.4641919486462214,-22.237606869169742,-22.26718342120935,-21.99775016372557,-22.509571291301963,-21.597425111603123,0.10975514672406507,1.1086430580640718,2.2175655828473033,-0.10119478171595099,-20.135186392697808,1.040733793387049
K,-0.04318008031852252,0.6922980822284855,1.4148647519571687,-22.705405204855523,-0.11640764896331678,-19.142075698280156,-22.237606869169742,0.8504233637234546,0.4166340181942065,-0.007079904784153821,0.1742461480751648,-22.45298939122856,0.5690028533019662,-0.11250712173335564,-22.177380415848106,-1.1162991399103486,-20.9907506715279,-21.843166656061314
L,-0.22699394100729509,-0.030425650250832586,0.6959026778491058,-0.5818943986918096,0.7582105482725254,-19.171652250184515,-22.26718342120935,0.4166340181942065,-0.07831292481422421,0.6564907236733982,-0.009567712624851333,-22.48256594326941,-0.023501131585176412,-0.14208367377625727,-22.206956967887315,0.027408235721166546,-21.020327223551615,-21.872743208097823
M,-0.06907173726109778,-21.91407975097853,0.9653359352504851,0.3806860392569122,-0.5696981239286666,-18.902218994093946,-21.99775016372557,-0.007079904784153821,0.6564907236733982,0.6233035065596465,-23.12527886558644,-22.213132685772834,-0.12316500806846543,0.532814691809724,0.17006183125029972,0.2761276482903442,-20.75089396623155,-21.603309950645972
N,-23.161379041121812,1.4447046982933232,-21.699572550391867,-22.977369627007313,-0.4916569080513852,2.343534148304265,-22.509571291301963,0.1742461480751648,-0.009567712624851333,-23.12527886558644,1.762676283811541,-22.72495381337093,-23.80527072085727,-23.230706082538475,-22.449344837977076,-1.4470009351044073,1.6484658628899698,-0.25180695853765084
P,1.3991902189575665,-21.513754698868098,-20.787426371004546,1.0087878809586521,-22.32246042994096,-18.501893944875512,-21.597425111603123,-22.45298939122856,-22.48256594326941,-22.213132685772834,-22.72495381337093,1.436852091216559,0.9668195882088605,0.925868132602464,-21.537198658293732,-23.322351920827607,-20.350568914450363,-21.202984898590085
R,-1.176462410529682,-22.594071606144052,-21.86774327796066,-23.14554035461817,-1.249689979177358,-19.582210846361185,0.10975514672406507,0.5690028533019662,-0.023501131585176412,-0.12316500806846543,-23.80527072085727,0.9668195882088605,1.405941010792274,-0.1471771634387065,0.22495731470554176,-2.2495814701483634,-21.430885821067115,-22.28330180575683
S,-0.6018977722325807,-22.01950696790921,-21.29317863985344,0.2148273254198332,0.4234869476323317,-19.007646210436832,1.1086430580640718,-0.11250712173335564,-0.14208367377625727,0.532814691809724,-23.230706082538475,0.925868132602464,-0.1471771634387065,0.9338564799052029,0.8032836113069718,-1.675016831813554,-20.85632118309531,0.3195990024588884
T,-21.973623885935687,-21.238145723575318,-20.511817395865428,-21.789614471861405,-22.04685145456835,-18.22628497236458,2.2175655828473033,-22.177380415848106,-22.206956967887315,0.17006183125029972,-22.449344837977076,-21.537198658293732,0.22495731470554176,0.8032836113069718,2.2759129752008427,-0.8261983576897315,-20.07495993947429,-20.92737592334977
V,-0.18810122394935078,-1.6449248863549895,0.3259903835492692,-23.574767734477547,-0.951472861928607,-20.011438225159168,-0.10119478171595099,-1.1162991399103486,0.027408235721166546,0.2761276482903442,-1.4470009351044073,-23.322351920827607,-2.2495814701483634,-1.675016831813554,-0.8261983576897315,1.2531886758947723,-0.04370600092729497,-0.2029748053233032
W,-20.786994141735644,-20.051515980083504,-19.325187653825477,-20.602984727793057,-20.860221710322282,-17.03965525515671,-20.135186392697808,-20.9907506715279,-21.020327223551615,-20.75089396623155,1.6484658628899698,-20.350568914450363,-21.430885821067115,-20.85632118309531,-20.07495993947429,-0.04370600092729497,-18.195183024679608,2.7688081998968594
Y,-21.63941012616985,0.4744421356926915,-20.17760363647622,1.7166926782456695,-21.712637694794488,-17.892071217305034,1.040733793387049,-21.843166656061314,-21.872743208097823,-21.603309950645972,-0.25180695853765084,-21.202984898590085,-22.28330180575683,0.3195990024588884,-20.92737592334977,-0.2029748053233032,2.7688081998968594,1.9163922154853203
