,A,D,E,F,G,H,I,K,L,M,N,P,Q,R,S,T,V
A,0.7227177550973184,0.14422327906701252,-20.212639248023212,-22.06932314586591,-22.592853636307666,-21.46318734251248,-19.383745804172705,-23.793252208451506,1.0160978487154242,1.136242160506524,-22.228730325464973,-22.57933286894567,-19.671427875670183,-19.2515923928389,-21.704856868241578,-22.213962093295635,1.1985703605132487
D,0.14422327906701252,3.0312409007325067,-20.12120691572252,-21.9778908134306,0.5792476076945171,-21.371755010097935,-19.292313472077947,-23.70181987599572,-21.550095284310906,-21.429950972524686,-0.41277037754528967,-22.487900536500405,-19.579995543484056,-19.160160060795775,-21.613424535817227,-22.122529760856967,-23.487886308553282
E,-20.212639248023212,-20.12120691572252,-17.797223620907346,-20.347054683519158,2.185960636414425,-19.740918881162802,-17.661477358177986,-0.5587627295384017,-19.919259155024935,-19.79911484346812,0.973301942508963,-20.85706440612091,-17.949159425288332,-17.529323949323498,-19.982588406420977,-20.491693630787754,-21.85705017772908
F,-22.06932314586591,-21.9778908134306,-20.347054683519158,-0.030827595755407784,0.1387890942249897,0.5753082076181759,-19.51816123939813,0.5478284344078342,-21.77594305238823,-21.65579874059072,0.5029124050762017,0.5577749696563048,-19.805843311015632,-19.386007827996494,0.33363868187619566,0.5176806372459561,-23.7137340767063
G,-22.592853636307666,0.5792476076945171,2.185960636414425,0.1387890942249897,1.0885401675746913,0.051777717240358026,-20.04169172858584,0.024297943876541998,-22.29947354279382,-22.179329230978148,-0.005526355040730933,0.0342444791641585,-20.329373800543372,-19.90953831699204,0.9567526197766663,0.14771155138036055,-24.237264567233648
H,-21.46318734251248,-21.371755010097935,-19.740918881162802,0.5753082076181759,0.051777717240358026,-20.298319795140102,-18.912025438608737,0.46081705740785056,-21.16980724910875,-21.049662937348366,0.821366136072176,0.7584456650437069,-19.19970750953101,-18.7798720276,0.24662730484823148,0.4306692602095787,-23.10759827317787
I,-19.383745804172705,-19.292313472077947,-17.661477358177986,-19.51816123939813,-20.04169172858584,-18.912025438608737,-16.139436808139422,1.3362857943504383,-19.090365711907772,-18.97022140071916,-19.677568418543814,-20.02817096124866,-17.120265999970837,-16.700430534797015,-19.153694963126824,-19.662800186413506,-21.02815673214309
K,-23.793252208451506,-23.70181987599572,-0.5587627295384017,0.5478284344078342,0.024297943876541998,0.46081705740785056,1.3362857943504383,0.5006297415839692,-23.499872114900914,-23.3797278030668,0.4372114189447166,0.5078223404772452,0.6431386140175159,-0.6903579928644684,0.21914753159229025,0.42036080010590177,-25.43766313946444
L,1.0160978487154242,-21.550095284310906,-19.919259155024935,-21.77594305238823,-22.29947354279382,-21.16980724910875,-19.090365711907772,-23.499872114900914,0.9040128337912748,1.2473006971544032,-21.935350231974216,-22.285952775432538,-19.37804778307988,-18.958212300757847,-21.41147677480292,-21.920581999806004,1.2175136083637803
M,1.136242160506524,-21.429950972524686,-19.79911484346812,-21.65579874059072,-22.179329230978148,-21.049662937348366,-18.97022140071916,-23.3797278030668,1.2473006971544032,0.4511542770582009,-21.81520592017014,-22.16580846361723,-19.257903471727904,-18.838067989661557,-21.291332463025,-21.800437688002493,1.2264322850884612
N,-22.228730325464973,-0.41277037754528967,0.973301942508963,0.5029124050762017,-0.005526355040730933,0.821366136072176,-19.677568418543814,0.4372114189447166,-21.935350231974216,-21.81520592017014,-0.34964195490600586,0.5525184698551093,-19.965250490284248,2.0590999865361965,0.6230327369334707,0.3582734576375556,-23.873141256336307
P,-22.57933286894567,-22.487900536500405,-20.85706440612091,0.5577749696563048,0.0342444791641585,0.7584456650437069,-20.02817096124866,0.5078223404772452,-22.285952775432538,-22.16580846361723,0.5525184698551093,0.04776524652332428,1.1639107722514148,-19.896017549658662,0.22909406685327727,0.7344372137562803,-24.223743799869958
Q,-19.671427875670183,-19.579995543484056,-17.949159425288332,-19.805843311015632,-20.329373800543372,-19.19970750953101,-17.120265999970837,0.6431386140175159,-19.37804778307988,-19.257903471727904,-19.965250490284248,1.1639107722514148,-16.714800910216766,-16.988112593283983,-19.441377034377457,1.5292815473075196,-21.315838804410568
R,-19.2515923928389,-19.160160060795775,-17.529323949323498,-19.386007827996494,-19.90953831699204,-18.7798720276,-16.700430534797015,-0.6903579928644684,-18.958212300757847,-18.838067989661557,2.0590999865361965,-19.896017549658662,-16.988112593283983,-15.875130014007185,2.5829734416763843,-2.1555902907727145,-20.89600332037413
S,-21.704856868241578,-21.613424535817227,-19.982588406420977,0.33363868187619566,0.9567526197766663,0.24662730484823148,-19.153694963126824,0.21914753159229025,-21.41147677480292,-21.291332463025,0.6230327369334707,0.22909406685327727,-19.441377034377457,2.5829734416763843,0.6981049592339374,0.18899973445553847,-23.349267798989622
T,-22.213962093295635,-22.122529760856967,-20.491693630787754,0.5176806372459561,0.14771155138036055,0.4306692602095787,-19.662800186413506,0.42036080010590177,-21.920581999806004,-21.800437688002493,0.3582734576375556,0.7344372137562803,1.5292815473075196,-2.1555902907727145,0.18899973445553847,0.5012260111312175,-23.8583730241643
V,1.1985703605132487,-23.487886308553282,-21.85705017772908,-23.7137340767063,-24.237264567233648,-23.10759827317787,-21.02815673214309,-25.43766313946444,1.2175136083637803,1.2264322850884612,-23.873141256336307,-24.223743799869958,-21.315838804410568,-20.89600332037413,-23.349267798989622,-23.8583730241643,1.14746795999207
