,A,C,D,E,F,G,H,K,L,M,N,P,Q,R,S,T,V,W,Y
A,1.3910374180758969,-22.095656077101193,1.3722622232643102,-22.694472546341125,-24.428361642728635,-0.0445788644375929,-23.07173695217747,-4.593775217934944,-22.647052631518157,-22.075923322015033,-0.3422697444527209,-22.837117684133,-2.9283541695108504,-24.18506243762694,-22.255529117976568,-2.446753082427158,0.9798389634649339,-20.782879859651093,-21.61578898205369
C,-22.095656077101193,2.2188562927427657,-20.013251283091357,0.1521793910488219,-21.632210212301782,-21.416220948814374,-0.22508501411422105,-22.28615739577534,0.19959930576774554,-19.279771895186745,-1.2030272375759152,1.6847486008676682,0.8976245984442921,1.6751498319760914,2.1228725424084622,-19.79405292325269,-19.640796808682886,-17.98672844333721,-18.819637557549058
D,1.3722622232643102,-20.013251283091357,0.45468287094407905,-20.612067751529093,-22.345956847111047,-0.2551396149537481,-20.989332157057984,-5.621198279646826,-20.564647836753636,-19.993518528040678,0.5286511846983267,-20.75471288919091,-0.8459493741955454,-22.102657642056936,-20.17312432370366,-20.507799556975463,0.8271373461848652,-18.700475070477996,-19.533384189140403
E,-22.694472546341125,0.1521793910488219,-20.612067751529093,-19.8039904066983,-22.23102668147438,-22.015037417943205,0.329820582713016,0.9847623383589962,-0.39921716250845624,-19.878588362632645,-0.6481216411885061,0.5644398505554099,0.7042732375469842,0.31510738603272836,1.090918637834797,0.43234437506489043,-20.239613276707058,-18.58554490573799,-19.41845402388
F,-24.428361642728635,-21.632210212301782,-22.345956847111047,-22.23102668147438,1.6520943815866116,-23.74892651421915,0.9203885830834811,-24.61886296144249,1.4140657751959185,1.2230550326503384,-0.7507008217591776,1.1550078511130644,-2.7539180967600534,-0.8860840828276351,-0.4939471493218449,0.015626822607697592,-21.97350237187371,1.2633355264183233,1.683189372522621
G,-0.0445788644375929,-21.416220948814374,-0.2551396149537481,-22.015037417943205,-23.74892651421915,2.015452914638207,-22.392301823736968,-3.5776599313321076,-21.967617503126817,-21.396488193733127,-1.3129732297124177,-22.157682555717066,-1.9122388829613655,-1.5818012545272548,-3.257215410605769,-21.91076922329695,1.5843460870092338,-20.103444732034145,-20.93635385391874
H,-23.07173695217747,-0.22508501411422105,-20.989332157057984,0.329820582713016,0.9203885830834811,-22.392301823736968,-0.3620440553039565,0.2710256959110466,0.9513911535317324,0.6337695737580081,-0.47721800501994965,0.761326101047654,-0.07845627609946608,0.15566055449335878,0.7136542325658076,0.05507996962207764,-20.616877682077444,-18.962809308953112,1.0939039129379804
K,-4.593775217934944,-22.28615739577534,-5.621198279646826,0.9847623383589962,-24.61886296144249,-3.5776599313321076,0.2710256959110466,0.9817467934521305,-2.6410787883847386,-0.6710641536491099,-0.36550649791857204,-1.1037929482333793,0.7649716854815957,0.3722818224717276,-22.44603043665721,0.752558296418787,-22.627449555403196,-20.97338117820579,-21.806290300700756
L,-22.647052631518157,0.19959930576774554,-20.564647836753636,-0.39921716250845624,1.4140657751959185,-21.967617503126817,0.9513911535317324,-2.6410787883847386,0.4873245845379144,1.0584538936234762,-0.25669974260670625,1.1860104213630862,-21.172132902249636,0.14210612664619363,1.1383385525700924,-20.34544947670368,-20.192193361956093,2.7569624580452503,1.518588232310087
M,-22.075923322015033,-19.279771895186745,-19.993518528040678,-19.878588362632645,1.2230550326503384,-21.396488193733127,0.6337695737580081,-0.6710641536491099,1.0584538936234762,-3.357929432265538,1.0033687245117326,0.868388841405749,-20.60100359312571,0.12976460856755853,-19.439644935473787,-19.774320168211947,-19.621064053650503,-17.966995688553567,1.3965703592346328
N,-0.3422697444527209,-1.2030272375759152,0.5286511846983267,-0.6481216411885061,-0.7507008217591776,-1.3129732297124177,-0.47721800501994965,-0.36550649791857204,-0.25669974260670625,1.0033687245117326,1.3367426529670374,-0.7462322333789068,0.4475633893620131,0.4049254033932073,-0.26428799104012224,-0.8216162206396243,-1.1062862973725465,-19.940751529762906,-0.5771854896356957
P,-22.837117684133,1.6847486008676682,-20.75471288919091,0.5644398505554099,1.1550078511130644,-22.157682555717066,0.761326101047654,-1.1037929482333793,1.1860104213630862,0.868388841405749,-0.7462322333789068,0.10719448012948973,0.15616299185987445,0.5587717788798046,0.9482735002829238,-20.53551452909124,-20.382258414301823,-18.72819004242105,1.3285231803391588
Q,-2.9283541695108504,0.8976245984442921,-0.8459493741955454,0.7042732375469842,-2.7539180967600534,-1.9122388829613655,-0.07845627609946608,0.7649716854815957,-21.172132902249636,-20.60100359312571,0.4475633893620131,0.15616299185987445,-0.4236071016318126,0.6800204151867891,0.5175267148892589,0.4030763241988827,-20.962028507562916,-19.30796013306589,-20.14086925367357
R,-24.18506243762694,1.6751498319760914,-22.102657642056936,0.31510738603272836,-0.8860840828276351,-1.5818012545272548,0.15566055449335878,0.3722818224717276,0.14210612664619363,0.12976460856755853,0.4049254033932073,0.5587717788798046,0.6800204151867891,0.685980398871673,0.6989410361803232,0.040366772815315394,-21.730203166844134,0.12034037126452216,-0.712568750590987
S,-22.255529117976568,2.1228725424084622,-20.17312432370366,1.090918637834797,-0.4939471493218449,-3.257215410605769,0.7136542325658076,-22.44603043665721,1.1383385525700924,-19.439644935473787,-0.26428799104012224,0.9482735002829238,0.5175267148892589,0.6989410361803232,3.1116179852185923,-2.1717100256071205,-19.800669849159565,-18.146601481969775,-18.979510597470465
T,-2.446753082427158,-19.79405292325269,-20.507799556975463,0.43234437506489043,0.015626822607697592,-21.91076922329695,0.05507996962207764,0.752558296418787,-20.34544947670368,-19.774320168211947,-0.8216162206396243,-20.53551452909124,0.4030763241988827,0.040366772815315394,-2.1717100256071205,2.1668213393595788,-20.135345082208858,-18.48127671199348,-19.31418582960874
V,0.9798389634649339,-19.640796808682886,0.8271373461848652,-20.239613276707058,-21.97350237187371,1.5843460870092338,-20.616877682077444,-22.627449555403196,-20.192193361956093,-19.621064053650503,-1.1062862973725465,-20.382258414301823,-20.962028507562916,-21.730203166844134,-19.800669849159565,-20.135345082208858,-19.288941789056228,-18.328020598563086,-19.160929715297254
W,-20.782879859651093,-17.98672844333721,-18.700475070477996,-18.58554490573799,1.2633355264183233,-20.103444732034145,-18.962809308953112,-20.97338117820579,2.7569624580452503,-17.966995688553567,-19.940751529762906,-18.72819004242105,-19.30796013306589,0.12034037126452216,-18.146601481969775,-18.48127671199348,-18.328020598563086,4.215670017904979,-17.506861357638424
Y,-21.61578898205369,-18.819637557549058,-19.533384189140403,-19.41845402388,1.683189372522621,-20.93635385391874,1.0939039129379804,-21.806290300700756,1.518588232310087,1.3965703592346328,-0.5771854896356957,1.3285231803391588,-20.14086925367357,-0.712568750590987,-18.979510597470465,-19.31418582960874,-19.160929715297254,-17.506861357638424,-17.64662329676076
