,A,D,E,F,G,I,K,L,M,N,P,Q,R,S,T,V,W,Y
A,1.4724051340548063,0.011329786874285262,-0.3654112495472004,0.6773224151520985,-0.24522358300032682,0.03224024863471809,0.028487351056866846,0.5936870284177065,-1.8072569378710328,-0.9191512014380666,-20.19665885740839,1.1048384184934994,0.3094175365867365,-0.5930752341157906,-0.4702919712339645,-0.04909230107088585,-18.477926157004745,-18.769239939361647
D,0.011329786874285262,-18.276447322052146,2.1691858592779045,-18.733466934504122,-0.7487713274121724,-21.508493365897465,-19.924017185084246,-20.718529790686137,-20.449250563122916,1.3979840747924408,-18.672098540121564,-20.099823726298506,-20.592040494620147,-0.2731553513928004,-20.42279650669185,0.08933875645664863,-16.953365867566227,-17.244679641347847
E,-0.3654112495472004,2.1691858592779045,1.9194768560482478,-20.081788221650875,-3.059778628270407,0.006544560417607958,0.20472638177265148,0.508826063622607,-21.797571854710746,-22.347009061063005,1.3190408750303346,0.028919840292962275,0.22985025175916265,-1.095141153159911,-0.29405294048153374,0.7730273616610824,-18.301687128015654,-18.593000909912607
F,0.6773224151520985,-18.733466934504122,-20.081788221650875,-17.804192201283744,-21.018128366261234,-0.9598372014266433,-19.68788962180605,-0.16987362636146397,-0.04656905200909682,1.8361895188800483,-18.43597097832236,-19.86369616292482,-20.355912931053336,-1.2307715790460196,-20.186668943181044,1.2586209917674347,-16.71723831524824,-17.008552086110328
G,-0.24522358300032682,-0.7487713274121724,-3.059778628270407,-21.018128366261234,1.5609006433159258,-23.793154803814417,-1.2024649981692046,-23.003191228110225,-22.733912000268123,-0.547543250749707,-20.956759971462894,-0.6851243595223284,0.14400681456659642,-0.07483256327785216,0.18303105500642314,-0.025739148815543504,-19.23802726693306,0.7831875501612509
I,0.03224024863471809,-21.508493365897465,0.006544560417607958,-0.9598372014266433,-23.793154803814417,1.2655059265019897,0.40044316112214573,0.86304708275658,-22.98814943629242,-23.537586642745158,-21.210997407339505,0.22463661957766162,1.025982307190091,-4.005798017090929,-0.09833616128987852,0.486727197013369,2.1383880253119956,-19.78357848587406
K,0.028487351056866846,-19.924017185084246,0.20472638177265148,-19.68788962180605,-1.2024649981692046,0.40044316112214573,-20.185292695812787,0.9027246642583566,-21.40367325411392,-21.95311046039648,-19.626521227138817,0.9080003392975561,0.6237488523779291,0.06412265725051344,0.09984566011087395,-0.4888263609042303,-17.90778853269147,-18.199102313214258
L,0.5936870284177065,-20.718529790686137,0.508826063622607,-0.16987362636146397,-23.003191228110225,0.86304708275658,0.9027246642583566,0.8013592380345805,-0.15830636701237602,-22.747623067057233,-20.421033832318304,0.726918122747935,1.1057446794293686,-3.2158344413473925,0.5821479596651274,0.08687734165434297,-18.70230113035694,-18.993614913193507
M,-1.8072569378710328,-20.449250563122916,-21.797571854710746,-0.04656905200909682,-22.733912000268123,-22.98814943629242,-21.40367325411392,-0.15830636701237602,2.943194137456797,-22.47834383922434,-20.15175460486266,-21.579479795605064,-0.031817070841755155,-23.952230994010794,0.13742691724892622,0.027089588912481772,-18.433021904814975,-18.72433568706227
N,-0.9191512014380666,1.3979840747924408,-22.347009061063005,1.8361895188800483,-0.547543250749707,-23.537586642745158,-21.95311046039648,-22.747623067057233,-22.47834383922434,2.3272352123494993,-20.701191810610677,-22.12891700192214,-22.621133770873573,-1.609101448039842,-22.451889782762652,-0.19352610142723134,-18.982459107136204,-19.273772890438703
P,-20.19665885740839,-18.672098540121564,1.3190408750303346,-18.43597097832236,-20.956759971462894,-21.210997407339505,-19.626521227138817,-20.421033832318304,-20.15175460486266,-20.701191810610677,-17.681455414011808,-19.802327768228853,-20.294544536299252,0.5506760979285894,2.1154410517144777,-20.713972568881196,-16.655869923879212,-16.947183693862733
Q,1.1048384184934994,-20.099823726298506,0.028919840292962275,-19.86369616292482,-0.6851243595223284,0.22463661957766162,0.9080003392975561,0.726918122747935,-21.579479795605064,-22.12891700192214,-19.802327768228853,-20.536905778450695,0.4479423108759175,0.04246679550680411,-0.07596088137808533,-0.6646329024304896,-18.083595071571704,-18.374908852774954
R,0.3094175365867365,-20.592040494620147,0.22985025175916265,-20.355912931053336,0.14400681456659642,1.025982307190091,0.6237488523779291,1.1057446794293686,-0.031817070841755155,-22.621133770873573,-20.294544536299252,0.4479423108759175,-0.04427445801749604,-24.095020925677762,0.3816261196473978,-0.058237383028739396,-18.575811835172896,-18.86712561775234
S,-0.5930752341157906,-0.2731553513928004,-1.095141153159911,-1.2307715790460196,-0.07483256327785216,-4.005798017090929,0.06412265725051344,-3.2158344413473925,-23.952230994010794,-1.609101448039842,0.5506760979285894,0.04246679550680411,-24.095020925677762,0.9064782714482015,-1.1472950307223264,-2.410160890080675,-20.45634625765995,-20.7476600420734
T,-0.4702919712339645,-20.42279650669185,-0.29405294048153374,-20.186668943181044,0.18303105500642314,-0.09833616128987852,0.09984566011087395,0.5821479596651274,0.13742691724892622,-22.451889782762652,2.1154410517144777,-0.07596088137808533,0.3816261196473978,-1.1472950307223264,1.9090777113874378,-0.5562360308392899,-18.406567848613435,-18.69788163079381
V,-0.04909230107088585,0.08933875645664863,0.7730273616610824,1.2586209917674347,-0.025739148815543504,0.486727197013369,-0.4888263609042303,0.08687734165434297,0.027089588912481772,-0.19352610142723134,-20.713972568881196,-0.6646329024304896,-0.058237383028739396,-2.410160890080675,-0.5562360308392899,1.299939398630787,-18.995239865347298,2.412269312042632
W,-18.477926157004745,-16.953365867566227,-18.301687128015654,-16.71723831524824,-19.23802726693306,2.1383880253119956,-17.90778853269147,-18.70230113035694,-18.433021904814975,-18.982459107136204,-16.655869923879212,-18.083595071571704,-18.575811835172896,-20.45634625765995,-18.406567848613435,-18.995239865347298,-14.243990628259287,-15.228451185490362
Y,-18.769239939361647,-17.244679641347847,-18.593000909912607,-17.008552086110328,0.7831875501612509,-19.78357848587406,-18.199102313214258,-18.993614913193507,-18.72433568706227,-19.273772890438703,-16.947183693862733,-18.374908852774954,-18.86712561775234,-20.7476600420734,-18.69788163079381,2.412269312042632,-15.228451185490362,-14.826617910063419
