,A,D,E,F,G,H,I,K,L,M,N,P,Q,R,S,T,V,Y
A,0.6337316888376646,-2.7335973207438773,-0.861492859413521,-19.16412892353127,-0.30562255960012624,-18.338435093111848,0.7629374786989472,0.5789868847898886,0.4887464930894809,-0.2669165788042681,-3.3605207582399252,0.8123639887920455,0.5081760689728734,-0.091501089336571,-0.515429099679703,0.7876395928642663,0.6228568742031201,-21.85607176039279
D,-2.7335973207438773,2.8967607849754553,-1.1468703491961392,-18.19049447312336,0.2626280206338831,-17.364800652758124,-20.759741471193088,-0.8761416818021337,-1.9228743672982092,-22.482742708678458,0.059969912426806965,-21.08004938912354,-21.168653560520784,-2.9535700209371054,-22.897305137567294,-2.6608227667991615,-0.8439360673172651,-20.88243730268197
E,-0.861492859413521,-1.1468703491961392,1.0448731339695367,-20.08627732773778,-1.1026314110734015,-19.260583493642596,-1.9509703965311236,-0.8417363885603028,-1.2750840424608758,-1.276076362817464,-0.6103476223750111,-2.27127831468614,-2.359882486133819,-1.1367896996063442,-2.5640868883936503,-1.1886628761858733,-1.4364625633884573,-1.765645365344295
F,-19.16412892353127,-18.19049447312336,-20.08627732773778,-13.699300506335225,-18.61162612319871,-13.566754009571435,-16.961693616372656,-18.244256468013234,-17.826890380628345,-18.684694819313695,-16.622238902500165,-17.282001522777772,-17.370605691586608,-18.857586022880263,2.2590501849508327,-18.56483877089025,-18.134246435000613,-17.084389443005925
G,-0.30562255960012624,0.2626280206338831,-1.1026314110734015,-18.61162612319871,1.3070774689521512,-17.78593229728048,-0.4763191861090315,-0.4248546386159131,0.1829312003284758,0.4528793019007223,1.582550511062214,-0.24623712312254678,0.515966404268912,0.3982192927645832,-0.6418261676453367,-0.28770490610070315,-0.9526787028131172,0.673757046134929
H,-18.338435093111848,-17.364800652758124,-19.260583493642596,-13.566754009571435,-17.78593229728048,-12.047917566815261,-16.13599983506024,-17.418562646802318,-17.001196567347893,-17.859000992648294,-15.796545143502426,-16.456307726333836,-16.54491189174437,-18.03189219464993,-18.27356341564429,-17.73914494547993,-17.308552615570203,4.273917939445118
I,0.7629374786989472,-20.759741471193088,-1.9509703965311236,-16.961693616372656,-0.4763191861090315,-16.13599983506024,-18.837793409080067,0.9896627604520422,0.3084165655537645,-0.09916047072401508,-19.19148585641818,0.8533054355176072,0.7647012642638145,0.4210955048186898,-0.7827446961808814,1.0052339777611663,0.001060506756822507,-19.653636417565057
K,0.5789868847898886,-0.8761416818021337,-0.8417363885603028,-18.244256468013234,-0.4248546386159131,-17.418562646802318,0.9896627604520422,0.703566300940298,0.5503008590633587,-0.009790141933801916,-2.0439514753804597,0.6770547047805412,0.5899053341485219,-0.08372406163362191,-0.5379787239094947,0.7728119331709374,0.05252505452974138,-20.93619929818611
L,0.4887464930894809,-1.9228743672982092,-1.2750840424608758,-17.826890380628345,0.1829312003284758,-17.001196567347893,0.3084165655537645,0.5503008590633587,0.7220970544024771,0.7101188957768751,-20.056682642902647,0.3007012671212705,0.9981167643568226,0.013842865643026479,-0.5502698229383285,0.385533863663148,0.3377943536015416,-20.51883320504089
M,-0.2669165788042681,-22.482742708678458,-1.276076362817464,-18.684694819313695,0.4528793019007223,-17.859000992648294,-0.09916047072401508,-0.009790141933801916,0.7101188957768751,1.3323291750211756,-20.91448709089514,-0.869695800795072,-0.958299972215459,0.6603168589710354,-0.3660150854334935,0.21376374086917962,-0.0420056811304271,-21.376637653448462
N,-3.3605207582399252,0.059969912426806965,-0.6103476223750111,-16.622238902500165,1.582550511062214,-15.796545143502426,-19.19148585641818,-2.0439514753804597,-20.056682642902647,-20.91448709089514,2.9352209463095438,-19.51179377334491,-19.600397944516732,0.6183436865605959,-2.1938769676438765,-20.794631041598986,-20.36403870155125,2.391540294626274
P,0.8123639887920455,-21.08004938912354,-2.27127831468614,-17.282001522777772,-0.24623712312254678,-16.456307726333836,0.8533054355176072,0.6770547047805412,0.3007012671212705,-0.869695800795072,-19.51179377334491,0.3087004953355312,0.5995489665893537,-0.32867691353331463,0.10203613075830993,0.636454608907606,1.2418566541660179,-19.973944334961033
Q,0.5081760689728734,-21.168653560520784,-2.359882486133819,-17.370605691586608,0.515966404268912,-16.54491189174437,0.7647012642638145,0.5899053341485219,0.9981167643568226,-0.958299972215459,-19.600397944516732,0.5995489665893537,-0.9964630423996574,0.03774353115142781,0.7130961333974527,0.5478504374918292,-0.40785158255214876,-20.06254850623824
R,-0.091501089336571,-2.9535700209371054,-1.1367896996063442,-18.857586022880263,0.3982192927645832,-18.03189219464993,0.4210955048186898,-0.08372406163362191,0.013842865643026479,0.6603168589710354,0.6183436865605959,-0.32867691353331463,0.03774353115142781,1.078010209222245,-0.12721512282702455,0.26736205353817627,-0.7432267316835061,-0.536954056226813
S,-0.515429099679703,-22.897305137567294,-2.5640868883936503,2.2590501849508327,-0.6418261676453367,-18.27356341564429,-0.7827446961808814,-0.5379787239094947,-0.5502698229383285,-0.3660150854334935,-2.1938769676438765,0.10203613075830993,0.7130961333974527,-0.12721512282702455,1.743591433102278,-0.5932003786869305,-1.2081925299498044,-21.791200082219145
T,0.7876395928642663,-2.6608227667991615,-1.1886628761858733,-18.56483877089025,-0.28770490610070315,-17.73914494547993,1.0052339777611663,0.7728119331709374,0.385533863663148,0.21376374086917962,-20.794631041598986,0.636454608907606,0.5478504374918292,0.26736205353817627,-0.5932003786869305,0.4522296270238744,-0.12801652690157755,-21.25678160411339
V,0.6228568742031201,-0.8439360673172651,-1.4364625633884573,-18.134246435000613,-0.9526787028131172,-17.308552615570203,0.001060506756822507,0.05252505452974138,0.3377943536015416,-0.0420056811304271,-20.36403870155125,1.2418566541660179,-0.40785158255214876,-0.7432267316835061,-1.2081925299498044,-0.12801652690157755,2.0885782521755156,-20.82618926388021
Y,-21.85607176039279,-20.88243730268197,-1.765645365344295,-17.084389443005925,0.673757046134929,4.273917939445118,-19.653636417565057,-20.93619929818611,-20.51883320504089,-21.376637653448462,2.391540294626274,-19.973944334961033,-20.06254850623824,-0.536954056226813,-21.791200082219145,-21.25678160411339,-20.82618926388021,3.847323795615457
