,A,C,D,E,F,G,H,I,K,L,M,N,P,Q,R,S,T,V,Y
A,1.5400629379706723,-17.159438881519197,0.20458200439979193,0.43426729369678757,-0.1157782171992263,-2.648327785126817,-0.012402056876139971,-1.186030721688581,0.7688597530555802,-0.8210414950388193,0.09696018442547986,0.19925853543642985,1.144302380566558,-0.12473356346112656,-0.15287538655505653,-0.8944011083921725,0.6696594440112295,0.3191132113792835,-1.5442176212272816
C,-17.159438881519197,-11.525357222208424,-17.18844970850799,-17.905395735993213,-15.670550481609974,-19.084763358670813,-15.831635998530187,-15.962106194230284,-16.111274774555202,-16.375813680850033,-16.02514012744476,-17.552738173515856,-16.34350604477417,-16.37265292944743,-18.077846195920717,-17.315602843354036,-17.352447350121754,-17.62219873055061,3.491116719252451
D,0.20458200439979193,-17.18844970850799,0.7840184657648909,-0.24337056184482628,0.9538232426657401,0.12449981968272701,-0.04141288484702786,-20.93206122611211,-21.081229822521536,0.24855996480996675,-20.995095166417105,1.2688599960183005,-21.313461113461187,0.9448678968062162,-0.9366159938354958,-0.4947405274697301,-22.32240246917315,-22.592153856434916,-21.750169790431002
E,0.43426729369678757,-17.905395735993213,-0.24337056184482628,1.8413361002702726,-21.357451518678072,-1.9504973833206332,1.80659042716531,-21.649007270729566,-0.7351313443296354,-22.06271479681515,-0.6489966881930231,-23.239639342760995,-1.6605098151914495,-22.05955404516872,-0.31309923219932584,-0.37052370077110647,-23.039348514102514,-0.8893488055490676,-0.27890318730959945
F,-0.1157782171992263,-15.670550481609974,0.9538232426657401,-21.357451518678072,-18.42945895341157,-22.536819152582076,-19.28369166847428,-19.41416187994739,-19.56333047595615,0.667847024123178,-19.47719582007576,1.6881470559099707,-19.795561766379652,1.3641549556948687,-1.0341855521375145,-0.2719421839758131,-20.804503120837037,-21.074254507928597,2.240417783522246
G,-2.648327785126817,-19.084763358670813,0.12449981968272701,-1.9504973833206332,-22.536819152582076,0.9971156915036938,-1.9377265633652527,-22.82837490472646,-1.2213517981605733,-23.24208243090501,-1.135217142002698,-24.419006976976373,-2.1467302694273376,-0.9673443251934373,-0.4221723467643249,-1.6334954263148587,-24.21871614830549,-24.48846753560786,-23.646483469430724
H,-0.012402056876139971,-15.831635998530187,-0.04141288484702786,1.80659042716531,-19.28369166847428,-1.9377265633652527,1.3690805510038844,-19.575247419592948,-19.724416015678052,-19.988954944744883,-19.638281359754973,-21.165879489430278,-19.9566473061999,-19.985794193104223,0.3436372571028468,-0.16856602367678136,-20.965588660896337,-21.235340048020326,0.47296276539481064
I,-1.186030721688581,-15.962106194230284,-20.93206122611211,-21.649007270729566,-19.41416187994739,-22.82837490472646,-19.575247419592948,2.405345442120015,-19.854886227335093,0.6824931310651722,-19.76875157138214,-21.29634970134086,1.4216616254721695,-20.116264404837654,-21.821457733246106,0.4358511026866885,1.9198836864674722,0.8500274149204036,1.2027777210398303
K,0.7688597530555802,-16.111274774555202,-21.081229822521536,-0.7351313443296354,-19.56333047595615,-1.2213517981605733,-19.724416015678052,-19.854886227335093,1.9204166981999704,-3.9210226828860573,1.8840990105316477,-21.44551829778462,0.8356741691879391,-2.011344833548213,1.5310492906777065,-4.6326600741661395,-2.7020013599337833,-21.514978856385184,-20.67299479077594
L,-0.8210414950388193,-16.375813680850033,0.24855996480996675,-22.06271479681515,0.667847024123178,-23.24208243090501,-19.988954944744883,0.6824931310651722,-3.9210226828860573,2.529630538323427,-2.219943312276882,0.9828837778863746,1.176855435810181,0.6588916785322313,-0.6408365424860064,0.9648883748270747,0.3917326998980403,-0.10115907992742007,-20.93753372022946
M,0.09696018442547986,-16.02514012744476,-20.995095166417105,-0.6489966881930231,-19.47719582007576,-1.135217142002698,-19.638281359754973,-19.76875157138214,1.8840990105316477,-2.219943312276882,1.3579587649435054,-21.35938364166099,0.9128930647019744,-20.179298345080134,1.5764481214377668,-21.122248305266282,-21.15909281310199,-0.2580012782631739,-20.586860134703215
N,0.19925853543642985,-17.552738173515856,1.2688599960183005,-23.239639342760995,1.6881470559099707,-24.419006976976373,-21.165879489430278,-21.29634970134086,-21.44551829778462,0.9828837778863746,-21.35938364166099,1.8854007734774738,-21.677749588768506,1.6791917100226446,-0.719148800071457,0.21625848435341266,-1.5255156690243707,-22.956442331864334,-22.11445826579819
P,1.144302380566558,-16.34350604477417,-21.313461113461187,-1.6605098151914495,-19.795561766379652,-2.1467302694273376,-19.9566473061999,1.4216616254721695,0.8356741691879391,1.176855435810181,0.9128930647019744,-21.677749588768506,2.6979200762565307,-4.6150885219317646,0.5649349937760655,0.45448970783202086,-3.5437536315811373,-0.5433367050660607,-20.905226081642553
Q,-0.12473356346112656,-16.37265292944743,0.9448678968062162,-22.05955404516872,1.3641549556948687,-0.9673443251934373,-19.985794193104223,-20.116264404837654,-2.011344833548213,0.6588916785322313,-20.179298345080134,1.6791917100226446,-4.6150885219317646,1.5708354735327128,-1.04314089873836,1.0934966822856824,-6.142889036652878,-21.776357034331664,-20.934372968584757
R,-0.15287538655505653,-18.077846195920717,-0.9366159938354958,-0.31309923219932584,-1.0341855521375145,-0.4221723467643249,0.3436372571028468,-21.821457733246106,1.5310492906777065,-0.6408365424860064,1.5764481214377668,-0.719148800071457,0.5649349937760655,-1.04314089873836,1.318283814974447,-1.983188293307366,-8.022370260739024,-23.481550363956103,-1.837648010287827
S,-0.8944011083921725,-17.315602843354036,-0.4947405274697301,-0.37052370077110647,-0.2719421839758131,-1.6334954263148587,-0.16856602367678136,0.4358511026866885,-4.6326600741661395,0.9648883748270747,-21.122248305266282,0.21625848435341266,0.45448970783202086,1.0934966822856824,-1.983188293307366,2.1792528382387117,0.14473062363362993,-1.2242415277145944,-1.7003815881122464
T,0.6696594440112295,-17.352447350121754,-22.32240246917315,-23.039348514102514,-20.804503120837037,-24.21871614830549,-20.965588660896337,1.9198836864674722,-2.7020013599337833,0.3917326998980403,-21.15909281310199,-1.5255156690243707,-3.5437536315811373,-6.142889036652878,-8.022370260739024,0.14473062363362993,2.5315052403504392,-0.6685419320054898,-21.91416743717697
V,0.3191132113792835,-17.62219873055061,-22.592153856434916,-0.8893488055490676,-21.074254507928597,-24.48846753560786,-21.235340048020326,0.8500274149204036,-21.514978856385184,-0.10115907992742007,-0.2580012782631739,-22.956442331864334,-0.5433367050660607,-21.776357034331664,-23.481550363956103,-1.2242415277145944,-0.6685419320054898,2.3820345773925666,-0.45731490895160637
Y,-1.5442176212272816,3.491116719252451,-21.750169790431002,-0.27890318730959945,2.240417783522246,-23.646483469430724,0.47296276539481064,1.2027777210398303,-20.67299479077594,-20.93753372022946,-20.586860134703215,-22.11445826579819,-20.905226081642553,-20.934372968584757,-1.837648010287827,-1.7003815881122464,-21.91416743717697,-0.45731490895160637,3.10389091288535
