,A,D,E,F,G,H,I,K,L,M,N,P,R,S,T,V
A,-0.08755741514047351,-23.550239089758627,0.7228752634384098,1.306021547484811,0.675011636804841,-19.34873293890245,0.7951959245094662,0.828865131630761,0.3121202141507426,0.7818352846236917,-0.032009413424022456,-20.11154389982431,0.9005564406222333,-0.15507574892216253,-0.15310926760979163,-1.3172432658688493
D,-23.550239089758627,1.4417289935749007,-23.43295359156022,-21.463512945505155,-24.795336475559893,-20.770365765422202,-0.6264369041097522,-23.039281650859767,-22.457414279783787,-22.680846389714194,-0.2883464399530545,0.08023315185859907,-23.25527241433571,-0.11885443987464842,-2.26788927746772,-24.61843747074251
E,0.7228752634384098,-23.43295359156022,0.14701358114137694,-19.924594619525983,0.6564328740403621,-19.231447441188624,-20.43542024240294,0.5406855217667305,-20.918495952705122,0.8991207827566496,0.308419636053051,-19.994258401847958,1.017841938787008,0.40895873783132064,-0.7289709498443963,-23.079519143092188
F,1.306021547484811,-21.463512945505155,-19.924594619525983,-17.262006822135003,-21.286977501921676,-17.262006822135003,2.8819220608095946,1.816978985104967,2.3988463536579996,-19.172487420097866,-20.67947929535675,-18.024817768166084,-19.7469134427207,0.18117480688431403,0.5473225155324483,-21.110078497211124
G,0.675011636804841,-24.795336475559893,0.6564328740403621,-21.286977501921676,0.3077381970356297,-20.593830321930824,-21.79780312546003,0.5089853758608383,-0.8067825686745222,0.6353501876865515,0.2269705974970383,0.43318141680652067,0.75407134359227,0.004858774850149208,0.10846646182494384,-0.29365711061598276
H,-19.34873293890245,-20.770365765422202,-19.231447441188624,-17.262006822135003,-20.593830321930824,-15.87571255658629,-17.77283243315817,-18.837775502600472,-18.255908136648273,-18.47934024425306,2.460181837440169,-17.331670602462797,-19.05376626481551,-20.473579678168147,-20.107431969803798,-20.416931317330395
I,0.7951959245094662,-0.6264369041097522,-20.43542024240294,2.8819220608095946,-21.79780312546003,-17.77283243315817,-18.28365804927847,1.3061533626568933,1.8880207322502587,-19.6833130419778,0.1575967462657577,-18.535643385989413,-20.25773906542479,0.36349636366726507,0.7296440724289145,-21.620904120705426
K,0.828865131630761,-23.039281650859767,0.5406855217667305,1.816978985104967,0.5089853758608383,-18.837775502600472,1.3061533626568933,-20.413544203106877,0.8230776526011793,0.5996455428796034,-0.21419915499823,-19.600586462115448,0.7183666989147894,-0.008299537621277999,0.32538589275649116,-1.9048981150255353
L,0.3121202141507426,-22.457414279783787,-20.918495952705122,2.3988463536579996,-0.8067825686745222,-18.255908136648273,1.8880207322502587,0.8230776526011793,-19.249809463800396,-20.166388751707018,-21.673380629277766,-19.0187190933874,-20.740814775627626,0.18117480695130378,0.0027446053507702638,1.1618759049401397
M,0.7818352846236917,-22.680846389714194,0.8991207827566496,-19.172487420097866,0.6353501876865515,-18.47934024425306,-19.6833130419778,0.5996455428796034,-20.166388751707018,-19.696673682159155,0.14423610609671628,1.5387978851276987,1.0768019598661722,-0.34301145691648244,-0.6700109283607836,-0.4478505658591836
N,-0.032009413424022456,-0.2883464399530545,0.308419636053051,-20.67947929535675,0.2269705974970383,2.460181837440169,0.1575967462657577,-0.21419915499823,-21.673380629277766,0.14423610609671628,0.6380127367517114,-20.74914307775798,0.2629572619747207,-0.06999712815752465,0.38794654989050736,-23.834403820050554
P,-20.11154389982431,0.08023315185859907,-19.994258401847958,-18.024817768166084,0.43318141680652067,-17.331670602462797,-18.535643385989413,-19.600586462115448,-19.0187190933874,1.5387978851276987,-20.74914307775798,3.518928316718995,-19.816577225013592,-21.236390640514628,-20.870242931847397,0.699819095781664
R,0.9005564406222333,-23.25527241433571,1.017841938787008,-19.7469134427207,0.75407134359227,-19.05376626481551,-20.25773906542479,0.7183666989147894,-20.740814775627626,1.0768019598661722,0.2629572619747207,-19.816577225013592,0.5023759353516202,-0.22429030109060002,-0.5512897726320568,-22.901837965873163
S,-0.15507574892216253,-0.11885443987464842,0.40895873783132064,0.18117480688431403,0.004858774850149208,-20.473579678168147,0.36349636366726507,-0.008299537621277999,0.18117480695130378,-0.34301145691648244,-0.06999712815752465,-21.236390640514628,-0.22429030109060002,-0.06308458827726297,0.1407036360529313,0.13625064839609827
T,-0.15310926760979163,-2.26788927746772,-0.7289709498443963,0.5473225155324483,0.10846646182494384,-20.107431969803798,0.7296440724289145,0.32538589275649116,0.0027446053507702638,-0.6700109283607836,0.38794654989050736,-20.870242931847397,-0.5512897726320568,0.1407036360529313,1.0840355547503815,-0.6896479379435065
V,-1.3172432658688493,-24.61843747074251,-23.079519143092188,-21.110078497211124,-0.29365711061598276,-20.416931317330395,-21.620904120705426,-1.9048981150255353,1.1618759049401397,-0.4478505658591836,-23.834403820050554,0.699819095781664,-22.901837965873163,0.13625064839609827,-0.6896479379435065,1.4962992704567653
